country,query,video_id,title,description,channel,published_at,view_count,like_count,comment_count
USA,US economy news,olkpdiJf5qc,"AMERICA IS BREAKING: Jobs Down, Factories Down, Confidence Down",Subscribe to Lena's Substack here: https://www.worldaffairsincontext.com Watch content ad-free and support the channel: ...,World Affairs In Context,2025-12-04T13:01:56Z,98934,7508,659
USA,US economy news,5l_alteMFiU,"Trump’s Plan Backfired, Japan is Crashing US economy",Invest with me: https://theproactivethinker.com Follow me on Instagram: https://www.instagram.com/proactiv.thinker.,Proactive Thinker,2025-12-02T17:32:51Z,29654,787,56
USA,US economy news,WJw_kNyTQa8,The U.S. Economy Is Collapsing From the Inside Out,"America is facing an economic breakdown that headlines barely touch. Household budgets are tightening, debt is spiraling, ...",Discover The Abroad,2025-12-04T01:00:47Z,46958,795,278
USA,US economy news,maa9hC57zAA,VOTES ARE IN: Poll reveals how Americans feel about the economy,White House National Economic Council Director Kevin Hassett discusses the Trump administration's push to address ...,Fox News,2025-12-05T08:01:09Z,123405,3206,2137
USA,US economy news,DIFmVgOZcUE,"Bank of America CEO Moynihan on US Economy, Investor Day, World Cup","Bank of America Corp. Chief Executive Officer Brian Moynihan discusses the state of the US economy, the impact of geopolitical ...",Bloomberg Television,2025-12-05T10:40:03Z,5027,58,47
USA,Wall Street stock market,XrNGjNlf2b8,ENVY OF THE WORLD: SEC chairman touts Wall Street&#39;s global dominance #shorts,SEC Chairman Paul Atkins joins 'Mornings with Maria' host Maria Baritomo on the floor of the NYSE. #foxbusiness #shorts ...,Fox Business,2025-12-03T19:00:42Z,19209,714,26
USA,Wall Street stock market,--kp64sSsNo,HOPE is a Dangerous Thing… In the Stock Market with Michael Kantrowitz,This episode is sponsored by Fidelity Investments and the all-new Fidelity Trader+ platform. Try Fidelity's most powerful trading ...,RiskReversal Media,2025-12-05T13:16:21Z,4966,142,90
USA,Wall Street stock market,6BzG26iKh0o,Wall Street Surprised by Netflix Deal to Buy Warner Bros. Discovery,"Jason Bazinet, Managing Director at Citigroup, discusses Netflix's move to buy Warner Bros. Discovery in a historic combination.",Bloomberg Television,2025-12-05T15:45:52Z,13610,149,29
USA,Wall Street stock market,7SpvGg05Ds8,Wall Street Expert Says Government Shutdown Beginning to Weigh on Markets,,New York Stock Exchange,2025-11-07T14:48:34Z,222,0,0
USA,Wall Street stock market,X7pLjLt9alM,Wall Street edges higher in thin post-holiday trade | REUTERS,"Wall Street edged higher with the Dow gaining six-tenths of a percent, the S&P 500 up around half a percent and the Nasdaq ...",Reuters,2025-11-28T23:03:52Z,1694,52,0
USA,Federal Reserve interest rate,tGYUcfWWE9Y,"Markets Brace for FOMC Interest Rate Decision, Reaction to NFLX Buying WBD","As the first trading week of December comes to a close, investors turn to next week's FOMC interest rate decision. Kevin Hincks ...",Schwab Network,2025-12-05T15:02:00Z,3430,25,1
USA,Federal Reserve interest rate,I6VD3lChh1I,"We desperately need reforms at the Federal Reserve, says Mohamed El-Erian","Mohamed El-Erian, The Wharton School Rene Kern professor and Allianz chief economic advisor, joins 'Squawk Box' to discuss ...",CNBC Television,2025-12-01T14:20:24Z,67967,651,208
USA,Federal Reserve interest rate,rmXhjOwYaQQ,Fed&#39;s Interest Rate Cuts: What Powell &amp; Governors Are Planning! #shorts,Explore how Powell navigates diverse viewpoints to forge agreement within the Federal Reserve. A masterclass in leadership and ...,Stockology Insider,2025-12-02T04:13:25Z,1765,5,0
USA,Federal Reserve interest rate,mBoFxxKOGXY,Heroic November Rally: Will Fed Rate Cuts Spark a December Boom? #shorts,CNBC analysts see a strong end to November hinting at an intraday rally. Anticipate possible Federal Reserve interest rate cuts ...,Stockology Insider,2025-12-06T03:45:08Z,773,1,0
USA,Federal Reserve interest rate,t2nyQNw3dGM,Understanding Federal Reserve Interest Rate Cuts #federalreserve #interestrates #inflationexplained,,@garrettlynchofficial,2025-11-25T23:47:32Z,1116,12,4
USA,S&P 500 analysis,kEl8FsBSrI8,Stock Market CRASH:  IT&#39;S OVER!!! S&amp;P 500 &amp; NASDAQ Sequence Sell Signals,"Thank you for taking the time to watch. If you want to support these videos, you can do so by following this link. Tips and Donations ...",Ron Walker,2025-12-06T00:47:27Z,10582,715,0
USA,S&P 500 analysis,AusUFkiGtTs,US Stock Market - S&amp;P 500 SPX | Price Projections &amp; Timing | Cycle &amp; Chart Analysis,Enjoy a clip of the stock market analysis from the latest episode of the askSlim Market Week! Special Holiday Offers: ...,Steve Miller,2025-12-06T14:00:16Z,385,25,0
USA,S&P 500 analysis,PsOFAX6juH8,"DOES SOFI GET INTO THE S&amp;P 500, SPACEX VALUED AT $800B | MARKET CLOSE",twitter: https://x.com/amitisinvesting deepdives: https://amitsdeepdives.substack.com/,Amit Kukreja,2025-12-05T22:37:29Z,32866,861,29
USA,S&P 500 analysis,KZ_7e5T09-w,Technical Analysis of Stocks: SPY / QQQ / NVDA / TSLA / AMD / PLTR / UNH,"Join the 5% Project: https://thefinancehydra.com/the5project Technical analysis of the stock market, S&P500, SPY stock, QQQ ...",The Finance Hydra,2025-12-05T22:49:00Z,3522,186,32
USA,S&P 500 analysis,T0ML9Gu_83o,SoFi Files $1.5B Shelf — The REAL REASON 🔥 S&amp;P 500 Decision TODAY │ SOFI Stock Analysis,SoFi files a $1.5B S-3—here's the real reason and what it means for S&P 500 inclusion. Join my Stacked Club for exclusive ...,Trending Stocks,2025-12-05T18:49:42Z,4324,227,41
USA,US inflation news,WJw_kNyTQa8,The U.S. Economy Is Collapsing From the Inside Out,"America is facing an economic breakdown that headlines barely touch. Household budgets are tightening, debt is spiraling, ...",Discover The Abroad,2025-12-04T01:00:47Z,46958,795,278
USA,US inflation news,maa9hC57zAA,VOTES ARE IN: Poll reveals how Americans feel about the economy,White House National Economic Council Director Kevin Hassett discusses the Trump administration's push to address ...,Fox News,2025-12-05T08:01:09Z,123542,3206,2138
USA,US inflation news,EDaeKkH4xp0,&#39;Inflation is way down&#39;: Trump angrily dismisses affordability concerns,Grocery prices have increased during Trump's second term. Average US grocery prices in September were 1.4% higher than they ...,CNN,2025-11-07T23:31:28Z,415989,3862,3737
USA,US inflation news,mF9RKFH24Kg,‘Just look at this shift’: Enten on public support for Trump’s tariffs,CNN chief data analyst Harry Enten examines public support for President Donald Trump's tariff policies. #CNN #News.,CNN,2025-12-03T20:30:11Z,470564,4743,1493
USA,US inflation news,uVcL0FgLm8Q,Indian Rupee Hits Record Low Despite Robust Economic Growth | Vantage with Palki Sharma | N18L,"The Indian Rupee plunged to a historic low, crossing 90 against the US dollar for the first time. The Rupee's record fall comes ...",Firstpost,2025-12-03T16:49:21Z,111508,1835,816
KOREA,Korea economy news,UWrWAGbpu0I,"Samsung, Hyundai to invest billions at home after US-South Korea deal | REUTERS","Samsung Electronics , Hyundai Motor and other major South Korean manufacturers unveiled domestic-investment plans after a ...",Reuters,2025-11-16T17:05:53Z,47059,75,0
KOREA,Korea economy news,saN0f3IA1SY,South Korea marks first anniversary of martial law crisis | East Asia Tonight (Dec 3),President Lee Jae Myung hails South Korea for overcoming chaos and defending democracy. Also on East Asia Tonight: French ...,CNA,2025-12-03T15:53:36Z,17401,180,31
KOREA,Korea economy news,pjjhrwVYPE8,Why Firing Someone Is Almost Impossible in South Korea | AB Explained,"On the surface, South Korea looks like one of the richest and most glamorous countries in the world — dominating global culture ...",Asian Boss,2025-11-19T02:30:48Z,512799,16767,2337
KOREA,Korea economy news,COD9fEt645E,"US, South Korea finalise new trade and defence deal | East Asia Tonight (Nov 14)","Washington authorises Seoul to build nuclear-powered attack submarines, while South Korea will invest US$150 billion in ...",CNA,2025-11-14T15:53:24Z,18524,201,70
KOREA,Korea economy news,6jjIa0dHJ18,Bank of Korea Holds Rate at 2.50% — What This Means for Korea’s Economy #KoreaEconomy #koreanews,Bank of Korea Holds Rate at 2.50% — What This Means for Korea's Economy #koreanews #koreafinans #koreabusiness.,KEB News,2025-12-03T12:41:44Z,30,1,0
KOREA,KOSPI stock market,dMMLnSd3IG4,"Kospi Hits 4,000: World&#39;s Best Stock Rally or South Korea&#39;s Headache?",Kospi stock market South Korea AI boom corporate reforms best performing benchmark 2025 rally Dive into the spectacular rise of ...,The Open Forum,2025-11-23T03:53:06Z,2,0,0
KOREA,KOSPI stock market,A-G80vDPdYY,"KOSPI recovers 3% to climb back over 4,000",코스피 3%대 반등… 기관 매수에 4073.24 마감 On the local bourse. The benchmark KOSPI index gained ground on this Monday ...,Arirang News,2025-11-10T10:30:54Z,110,3,0
KOREA,KOSPI stock market,CSYEnmnmWH8,KOSPI Soars! South Korea&#39;s Stock Market Boom - Is it a Bubble?,"The Kospi is the world's best-performing major benchmark in 2025, up a staggering 61%! We dive into the AI boom and corporate ...",Ever Changing,2025-11-23T02:52:06Z,3,0,0
KOREA,KOSPI stock market,-4zpyUYd0Wg,Kospi&#39;s Record-Breaking Rally: A South Korean Success Story or a Cause for Concern?,"The Kospi index has been on a remarkable journey, with a 61% surge in 2025, making it the world's top-performing benchmark.",Universal Lens,2025-11-23T02:48:51Z,0,0,0
KOREA,KOSPI stock market,aGhGN8itY1o,Kospi Rally: How Nvidia’s AI Deals Are Boosting South Korea’s Stock Market | NVDA Impact Explained,"South Korea's Kospi Index is on fire, extending its strongest monthly rally in over two decades! In this video, we break down how ...",Fresh Perspective,2025-11-09T20:40:36Z,0,0,0
KOREA,Samsung stock analysis,45bSiPpjsKQ,반도체 주식 언제 살까? 삼성전자 이 가격 오면 그때 사세요!,"3일 동안 모두 무료! https://vo.la/sJmkdmm [신규런칭] 오늘의 AI 종목 픽, 지금 받아가기! https://t.me/dealsiteval 남들과는 다른 깊이 ...",딜사이트경제TV,2025-12-05T05:42:18Z,16635,288,30
KOREA,Samsung stock analysis,8kmFDftALjk,"삼성생명, K-ICS 또 올랐다…삼성전자 주가가 &#39;키&#39;","삼성생명 #KICS #지급여력비율 #삼성전자 #보험 #10만전자 삼성생명의 지급여력비율, K-ICS가 3분기에도 개선된 것으로 나타 ...",IB토마토,2025-11-17T08:50:00Z,220,2,2
KOREA,Samsung stock analysis,eekYgg1AWhY,삼성전자 대역전극 시작합니다. 주가 &#39;여기&#39;까지 갈 겁니다 (박준영 전 삼성전자 반도체 연구원 / 2부),신사임당 구독자 전용 혜택 바로가기 https://instashop.srookpay.com/richae5/Detail/SRI64930035 ⏰ 재고 소진 시 조기 종료! 아침 ...,신사임당,2025-11-14T03:00:48Z,13443,312,7
KOREA,Samsung stock analysis,cSWcHAutDWo,Unlocking Growth with Nasdaq Indexes: Samsung,"Myungje Park, the head of ETF Business at Samsung Asset Management, issuer of Kodex ETFs, shares how partnering with ...",Nasdaq,2025-12-02T22:46:05Z,62,6,0
KOREA,Samsung stock analysis,PdtVTQhwPuI,3 Stocks To Buy (&amp; 3 Stocks To Sell) Before 2026,"Everyone online is chasing hype stocks and sensational headlines, but I'm here to cut through the noise and show you a ...",Everything Money,2025-11-10T10:55:01Z,82398,1844,230
KOREA,Korean won exchange rate,uOLtRqnXdo0,1 USD in South Korean Won Currency 🇰🇷 USD to KRW,The National Currency of South Korea is called South Korean Won ( KRW ). According to the Exchange rate on 1 December ...,Maksymilian Petrenko,2025-12-01T13:00:29Z,102,3,2
KOREA,Korean won exchange rate,JGFQHU88_mU,"Korean Won on the Brink: Could the Exchange Rate Hit 1,500 KRW?","Is the Korean won in trouble? We break down why the exchange rate is soaring, what's really driving these wild numbers, and ...",Sensor Studio,2025-11-30T20:45:00Z,15,0,0
KOREA,Korean won exchange rate,YFaMRNrbS5E,USD/KRW: Will a Yen Rally Save the South Korean Won?,Is the South Korean Won (KRW) poised for a rebound? This video analyzes the strong correlation between the Japanese Yen ...,Together Anywhere,2025-11-27T03:44:26Z,2,0,0
KOREA,Korean won exchange rate,SUFME9FKeMc,Yen Rally May Boost South Korean Won: USD/KRW Forex Analysis,USD/KRW South Korean Won Yen Rally Emerging Asian Currencies Forex Explore how a sustained yen appreciation could drive ...,Shared Horizon Network,2025-11-27T03:29:00Z,0,0,0
KOREA,Korean won exchange rate,mY8I4AwrV40,USD/KRW Analysis: Yen Rally &amp; South Korean Won&#39;s Rebound,"In this video, we delve into the dynamics of the USD/KRW exchange rate, focusing on the impact of a potential yen rally on the ...",Limitless Media Space,2025-11-27T02:40:36Z,0,0,0
KOREA,Bank of Korea,1P1JVCBdE7E,통화정책방향 관련 총재 기자간담회 (2025.11.27),2025년 11월 27일 통화정책방향 관련 총재 기자간담회 잠시후 11시10분에 시작합니다 [00:00] 기자설명회 시작 [00:50] 이창용 총재 ...,한국은행,2025-11-27T03:17:17Z,8345,109,62
KOREA,Bank of Korea,k7zdYl9Y2T0,"BOK Governor Rhee on Policy Path, Market Volatility",Bank of Korea Governor Rhee Chang Yong has signaled the central bank remains in an easing cycle. In an exclusive interview ...,Bloomberg Television,2025-11-12T06:28:23Z,5004,131,21
KOREA,Bank of Korea,6jjIa0dHJ18,Bank of Korea Holds Rate at 2.50% — What This Means for Korea’s Economy #KoreaEconomy #koreanews,Bank of Korea Holds Rate at 2.50% — What This Means for Korea's Economy #koreanews #koreafinans #koreabusiness.,KEB News,2025-12-03T12:41:44Z,30,1,0
KOREA,Bank of Korea,eJoDA09Bw74,"Bank of Korea Holds Rates, Drops Rate-Cut Signal | Global Economic Outlook 2025",South Korea's central bank made a key move in its latest policy meeting. The Bank of Korea held its benchmark rate at 2.5% for ...,Boundless Horizons,2025-11-27T06:59:06Z,0,0,0
KOREA,Bank of Korea,d5pehjSTkyk,Bank of Korea Holds Rates at 2.50%: What It Means for the Economy &amp; Currency,"The Bank of Korea has decided to keep interest rates unchanged at 2.50% on November 27th, 2025. This video breaks down the ...",Open World Network,2025-11-25T01:43:06Z,1,0,0
GERMANY,German economy news,WMJN2f0xmHo,Germany throwing away its recovery? | DW News,"German economist Clemens Fuest warns of a “lost decade” as stagnation, pension promises, energy shocks and the rise of the ...",DW News,2025-12-03T15:30:56Z,39860,355,241
GERMANY,German economy news,llK0YRvmIng,Will Germany ever escape its economic crisis? | DW News,The German Council of Economic Experts lowers its growth forecast for 2026. Economist Ulrike Malmendier says the German ...,DW News,2025-11-13T20:15:09Z,45998,509,305
GERMANY,German economy news,vlhKoS7y8Vg,German economic council cuts growth forecast for 2026 | DW News,"Germany has long been Europe's economic powerhouse, but recent years have seen a significant slowdown. There's little upturn ...",DW News,2025-11-13T14:54:32Z,17595,162,99
GERMANY,German economy news,IRkthMJmqP8,Young Vs Old? How a fight over pensions is shaking the German government | Berlin Briefing Podcast,18 young conservative MPs have rebelled against the pension reform - threatening the coalition between conservatives and ...,DW News,2025-11-21T11:57:57Z,38552,294,131
GERMANY,German economy news,cabtuzCNjec,Can Germany&#39;s steel industry survive deepening cost crisis? | DW News,"With Germany's steel industry under pressure from both high energy prices and competition from China, the government has ...",DW News,2025-11-11T01:30:37Z,11370,154,135
GERMANY,DAX stock market,MPmBvIDpvYg,Will the DAX Soar or Crash by 2025 End?,"Finance, investing, quantitative finance, and financial modeling videos posted weekly! In this podcast, you'll find a comprehensive, ...",Algotrader Martin,2025-11-24T11:00:42Z,8,0,0
GERMANY,DAX stock market,yiZ1QBWO1n8,DAX Analysis: German index Rallies Again,"DailyForex Technical Analysis with Chris Lewis Every day, our Senior Technical Analyst Chris Lewis shares his expert market ...",DailyForex,2025-11-27T16:12:36Z,64,2,3
GERMANY,DAX stock market,2Gb_B15-F3c,Andrew Ross Sorkin (on stock market crashes) | Armchair Expert with Dax Shepard,"Andrew Ross Sorkin (1929: The Inside Story of the Greatest Crash in Wall Street History) is a financial columnist, TV anchor, and ...",Armchair Expert with Dax Shepard,2025-11-19T08:30:01Z,33581,413,68
GERMANY,DAX stock market,H3ct3VC7D1E,"DAX Live Trading – New Framework Debut, Zero-Loss Long, +20 Short | Early Session Wrap","A focused DAX session where I introduced the new analysis workflow: previous day high/low/close, overnight high/low/mid, and a ...",IQ Crew Archive,2025-11-19T08:21:04Z,56,2,0
GERMANY,DAX stock market,waNkzKeuKC4,Trade with me - Trading the DAX today,Hey! This is just me trading the DAX for your entertainment. Don't do what I do. Feel free to ask me anything.,QuickTick,2025-11-25T20:56:13Z,6,1,0
GERMANY,Bundesbank news,NFhYGix68uA,ECB&#39;s Joachim Nagel: Ready to Succeed Christine Lagarde?,"European Central Bank, Joachim Nagel, Christine Lagarde succession, central banker credentials. Dive into the latest ECB news ...",The Shared Path,2025-11-13T20:56:36Z,3,0,0
GERMANY,Bundesbank news,uB9vQEctAQ8,ECB vice president says current interest rates appropriate - Byte News Daily,BREAKING: ECB vice president says current interest rates appropriate Luis de Guindos affirmed the bank's cautious stance as ...,Byte News Daily,2025-11-10T13:49:40Z,4,0,0
GERMANY,Bundesbank news,MECBG1waZ2A,The Credit Creation Theory of Banking #monetaryeconomics,,Frontier Capital Trust,2025-11-07T16:24:07Z,242,2,0
GERMANY,Bundesbank news,Ut2p2sYJWQg,EUR/USD Plunges Amid US Dollar Rally: Fed Hawkish Stance &amp; PMI Data,"EUR/USD analysis, US Dollar strength, Federal Reserve news, ECB updates, Manufacturing PMI impact on Euro. Dive into the ...",Creative Space,2025-11-09T05:30:24Z,0,0,0
GERMANY,Bundesbank news,-yqtNCK2Bmg,German finance minister visits China over trade deficit. #shorts #news #usa #germany #china #europe,German finance minister visits China over trade deficit German Finance Minister Lars Klingbeil landed in Beijing on Monday for ...,SPEAK OUT,2025-11-17T19:36:40Z,17,1,0
GERMANY,Germany inflation,mMmmeOpJHUU,Inflation Wiped Out 50 Years of German Savings| Richard Wolff,,Chasing Sharpe,2025-11-27T03:38:19Z,200637,3785,87
GERMANY,Germany inflation,llK0YRvmIng,Will Germany ever escape its economic crisis? | DW News,The German Council of Economic Experts lowers its growth forecast for 2026. Economist Ulrike Malmendier says the German ...,DW News,2025-11-13T20:15:09Z,45998,509,305
GERMANY,Germany inflation,jm8cTFwWqbY,Germany’s Inflation SHOCK — 2.6% CPI in November Sends Eurozone Markets Into Panic... #germany #cpi,"Germany just surprised global markets with a sharper-than-expected inflation jump. Annual CPI rose to 2.6%, beating ...",MARKET MAVERICKS | AMERICAN NEWS,2025-11-28T14:01:31Z,1142,7,2
GERMANY,Germany inflation,pLPG8W-pxb4,Germany’s Inflation Persists as Service Prices Continue to Rise,"Germany's latest Destatis report indicates that inflation remains persistent, as higher costs in services such as transportation, ...",PT Fintech,2025-11-12T09:45:42Z,5,0,0
GERMANY,Germany inflation,R97B4REZ_VY,Germany’s Inflation Falls to 2.3% | Relief or Warning Sign?,"Germany's Inflation Falls to 2.3% | Relief or Warning Sign? Germany's annual inflation rate has fallen to 2.3% in October 2025, ...",International Trade Talk,2025-11-12T09:39:06Z,9,0,0
GERMANY,German industry,WMJN2f0xmHo,Germany throwing away its recovery? | DW News,"German economist Clemens Fuest warns of a “lost decade” as stagnation, pension promises, energy shocks and the rise of the ...",DW News,2025-12-03T15:30:56Z,39870,355,241
GERMANY,German industry,jReOFzF2VrM,German Automotive Industry Collapse!,"Germany's car industry is facing the biggest crisis in its modern history. Production has collapsed, demand is falling, and Chinese ...",MK+,2025-12-05T23:01:30Z,706,3,0
GERMANY,German industry,vuRnyhsww34,"German Auto Industry Faces Total SHUTDOWN, Nobody Can Fix This!","German Auto Industry Faces Total SHUTDOWN, Nobody Can Fix This! What you're about to understand is the silent signal of a ...",Dark Span,2025-11-15T21:45:04Z,94641,1769,556
GERMANY,German industry,cabtuzCNjec,Can Germany&#39;s steel industry survive deepening cost crisis? | DW News,"With Germany's steel industry under pressure from both high energy prices and competition from China, the government has ...",DW News,2025-11-11T01:30:37Z,11370,154,135
GERMANY,German industry,onNisAnfofQ,"50,000 JOBS GONE! The EV Transition Is CRUSHING Germany&#39;s Auto Manufacturing Industry!",50000 JOBS GONE! The EV Transition Is CRUSHING Germany's Auto Manufacturing Industry! Germany's EV transition is ...,The Electric Viking,2025-11-22T12:31:20Z,24788,1058,333
FRANCE,France economy news,m72HVrfM0jA,France&#39;s Macron faces economic and trade challenges on China visit • FRANCE 24 English,Macron's visit to China comes amid a growing trade deficit and economic challenges for France and the EU. He must balance ...,FRANCE 24 English,2025-12-04T11:03:59Z,611,5,0
FRANCE,France economy news,fb5tQbyPE0Y,Xi Welcomes France’s Macron to Beijing in Official Ceremony,French President Emmanuel Macron pushed for more Chinese investment during a meeting with Chinese leader Xi Jinping to ...,Bloomberg News,2025-12-04T14:26:29Z,12557,387,18
FRANCE,France economy news,bX0qMxSCCLg,FRANCE UNLEASHES ECONOMIC HELL ON RUSSIA: Putin Given Days to Ceasefire|| Racheal Maddow,Rachel Maddow breaks down France's explosive ultimatum to Putin: Accept a ceasefire in Ukraine or face crippling new sanctions ...,Maddow Line Report,2025-11-30T14:41:58Z,167118,4524,930
FRANCE,France economy news,cyAlYv4zfl4,Xi and Macron on Expanding China–France Economic Cooperation at Beijing Business Council | APT,Chinese President Xi Jinping and French President Emmanuel Macron attended the closing ceremony of the seventh ...,APT,2025-12-04T11:35:04Z,660,13,0
FRANCE,France economy news,3OhUBOvqjw4,"Russia&#39;s Putin in India with Modi, France&#39;s Macron in China with Xi | The Pulse 12/4",Indian Prime Minister Narendra Modi and Russian President Vladimir Putin pledged to widen economic ties in the face of ...,Bloomberg Television,2025-12-05T13:57:16Z,5156,85,45
FRANCE,France economy news,inn9ST5CtLY,"France&#39;s Macron pushes for more investment, trade rebalancing in China visit • FRANCE 24 English","French President Emmanuel Macron is visiting China with a delegation of business leaders, seeking more Chinese investment in ...",FRANCE 24 English,2025-12-04T10:41:48Z,3914,47,43
FRANCE,France economy news,mL8gL3WH7Ac,Trump to attend World Economic Forum in Davos on conditions • FRANCE 24 English,"We are just two months away from the prestigious World Economic Forum in Davos, but controversy is already brewing over US ...",FRANCE 24 English,2025-11-28T13:57:10Z,10006,193,128
FRANCE,France economy news,jc_WGqnQAnQ,New measures to Reboot French economy #france #economy #europeanunion,,Global News TV,2025-11-10T16:02:10Z,301,3,0
FRANCE,France economy news,iJrKFkQpmxo,"Defence, oil and trade imbalances: Putin in India to boost economic ties • FRANCE 24 English",Russian President Vladimir Putin has landed in India for talks with Prime Minister Narendra Modi for the first time since the start of ...,FRANCE 24 English,2025-12-04T20:57:32Z,20831,318,106
FRANCE,France economy news,hqg9LuEBf1Q,"France&#39;s Macron urges China&#39;s Xi to step up efforts on Ukraine, rebalance global trade","Chinese President Xi Jinping has called for mutual ""understanding and support"" as he met French President Emmanuel Macron in ...",CNA,2025-12-04T13:44:04Z,6344,33,18
FRANCE,France economy news,_UGI8Aq9_Zk,Investors await Nvidia results amid AI bubble fears • FRANCE 24 English,European markets stabilised on Wednesday morning after losses sustained over concerns that AI stocks might be overvalued.,FRANCE 24 English,2025-11-19T10:56:56Z,8963,70,14
FRANCE,France economy news,VZ1ujwIzejc,"Europe Braces Amid Threats From Russia, France Introduced Voluntary Military Service | 10 News","Europe is shifting closer towards a war footing, with France unveiling a new national military service plan targeting teenagers.",10 News,2025-11-28T11:01:05Z,3000,38,26
FRANCE,France economy news,3e199vkWo6o,France&#39;s Emmanuel Macron fails to win concessions from Xi Jinping on fourth visit to China,"French president Emmanuel Macron has wrapped up his fourth state visit in China, without hitting any of his major goals. Chinese ...",FRANCE 24 English,2025-12-05T14:42:42Z,12554,105,146
FRANCE,France economy news,hMkpg8IFalE,Russia’s wartime economy loses steam as oil revenues fall and the budget deficit grows,"After two years of robust growth fueled by military spending on the war in Ukraine, Russia's economy is slowing. Oil revenues are ...",FRANCE 24 English,2025-11-16T12:05:22Z,14480,241,126
FRANCE,France economy news,nOaikY0KwS0,"Watch: China &amp; France Sign 12 Agreements as Macron Meets Xi in Beijing | Trade, Research, Panda Deal","China and France signed 12 major cooperation documents during President Emmanuel Macron's visit to Beijing, where he met ...",APT,2025-12-04T05:04:28Z,4281,81,27
FRANCE,France economy news,MBI2Skh7ss4,French Man Finds $1 Million Worth Of Gold Bars In Backyard | 10 News,"More than $1 million worth of gold bars have been uncovered while digging up a backyard in France. However, what looked like a ...",10 News,2025-11-19T05:01:57Z,18750,646,53
FRANCE,France economy news,XFcuNWvHRJU,Questions over artificial intelligence boom lead to global market selloff • FRANCE 24 English,"European and Asian equities traded lower this Tuesday, following in the footsteps of Wall Street, as doubts rise as to whether the ...",FRANCE 24 English,2025-11-18T11:31:43Z,36783,302,47
FRANCE,France economy news,nPojPmL9YW8,Elon Musk sparks OUTRAGE with SHOCKING prediction about the future of work,'The Big Money Show' panel discusses Elon Musk's bold prediction that artificial intelligence will make work optional and money ...,Fox Business,2025-11-21T00:30:44Z,117498,1863,1157
FRANCE,France economy news,sbXF07T16no,"Macron tells Xi that China, France must overcome ‘differences’",France's President Macron told China's leader Xi that France and China must overcome their “differences” during a state visit to ...,Al Jazeera English,2025-12-04T17:40:51Z,4666,82,23
FRANCE,France economy news,06s_GYH8scU,"LIVE: French President Emmanuel Macron arrives in Chengdu, China","French President Emmanuel Macron arrives in Chengdu, China. A large business delegation is accompanying Macron on his ...",Reuters,2025-12-04T13:33:10Z,5526,30,0
FRANCE,France economy news,rcRXawrsfq8,&#39;Macron a very important piece of China&#39;s quest to rewrite post-WWII order&#39; • FRANCE 24 English,"As President Emmanuel Macron visits Beijing, Alicia García Herrero, Economist, Senior Fellow at the Bruegel Institute and an ...",FRANCE 24 English,2025-12-04T08:25:15Z,5989,44,65
FRANCE,France economy news,ehTRcesk7Hw,"China&#39;s &#39;Singles&#39; Day&#39; goes big, but physical stores are left behind • FRANCE 24 English","Chinese consumers, anxious about the slowing economy and worn out by endless retail discounts, are showing signs of fatigue ...",FRANCE 24 English,2025-11-12T10:58:46Z,5957,17,12
FRANCE,France economy news,slnNo7LN4zQ,Can China help Europe achieve &#39;greater strategic autonomy&#39;? | DW News,"French President Emmanuel Macron met China's President Xi Jinping in Beijing on Thursday, with talks expected to focus on ...",DW News,2025-12-04T07:17:43Z,39157,423,381
FRANCE,France economy news,odBjF3KNNmI,Elon Musk&#39;s $1tn pay deal approved by Tesla shareholders | BBC News,Tesla boss Elon Musk has had a record-breaking pay package that could be worth nearly $1tn (£760bn) approved by ...,BBC News,2025-11-07T11:11:06Z,133006,1760,1314
FRANCE,France economy news,3v45RGNJhWQ,"Discussion | Putin visits India, France&#39;s Macron visits China: Prof David Monyae","Political Analyst Prof David Monyae joins us for more on this. For more news, visit sabcnews.com and #SABCNews on all Social ...",SABC News,2025-12-05T20:15:59Z,1897,0,2
FRANCE,CAC 40 stock market,CD8y1MYtYKc,Top 10 CAC 40 Stocks to Buy? November 2025 Market Winners 📈,"The Paris stock market heated up in November 2025! In this video, we countdown the Top 10 Best Performing CAC 40 Stocks of ...",EZ Personal Finance,2025-12-04T06:15:00Z,1,0,0
FRANCE,CAC 40 stock market,k6OVi3nU_i4,Trading on the CAC40 Index Paris  17 November 2025,Trading strategy for stocks listed on the CAC40 Index Paris.,TradingWithMark,2025-11-16T23:48:19Z,0,0,0
FRANCE,CAC 40 stock market,V3uMOZQF-gA,How the Stock Market Works in Europe ,"Ever wondered how Europe's stock markets actually work? In this video, we break down everything you need to know from how ...",Tech Hustle,2025-11-12T16:53:41Z,7,0,0
FRANCE,CAC 40 stock market,oS3DMHDHkrk,"European Markets Plunge on AI Fears: FTSE, DAX, CAC 40 in Red","European markets are expected to open significantly lower today, with the FTSE, DAX, CAC 40, and FTSE MIB all facing ...",Any Time Any Topic,2025-11-18T08:22:21Z,294,3,2
FRANCE,CAC 40 stock market,sEHh3NMoIbc,"European Markets: A Gloomy Start to the Week | FTSE, DAX, CAC 40, FTSE MIB",Get ready for a somber trading session as European markets brace for a challenging Monday. The U.K.'s FTSE is predicted to ...,Latest Stories from People,2025-11-17T07:07:23Z,1,0,0
FRANCE,French economy,ayTetHVIMgI,France Is in TOTAL MELTDOWN — And Europe Is Next,Subscribe to Lena's Substack here: https://www.worldaffairsincontext.com Watch content ad-free and support the channel: ...,World Affairs In Context,2025-12-01T13:00:07Z,240939,12772,1776
FRANCE,French economy,m72HVrfM0jA,France&#39;s Macron faces economic and trade challenges on China visit • FRANCE 24 English,Macron's visit to China comes amid a growing trade deficit and economic challenges for France and the EU. He must balance ...,FRANCE 24 English,2025-12-04T11:03:59Z,611,5,0
FRANCE,French economy,bX0qMxSCCLg,FRANCE UNLEASHES ECONOMIC HELL ON RUSSIA: Putin Given Days to Ceasefire|| Racheal Maddow,Rachel Maddow breaks down France's explosive ultimatum to Putin: Accept a ceasefire in Ukraine or face crippling new sanctions ...,Maddow Line Report,2025-11-30T14:41:58Z,167118,4524,930
FRANCE,French economy,d6SOPf8_RzE,"The Fall of France: Economic Meltdown, Political Chaos &amp; Rising Crime","At the end of 2023, a forecast by the International Monetary Fund sent shockwaves across Europe: Italy was on the verge of ...",Amazing Europe,2025-11-19T16:01:06Z,25253,1120,404
FRANCE,French economy,w9DvhrifbsU,"FRANCE Mass Factory Shutdowns, EUROPE Admits End Of Manufacturing Era","FRANCE Mass Factory Shutdowns, EUROPE Admits End Of Manufacturing Era We're told economic downturns start with complex ...",Dark Span,2025-11-14T14:30:49Z,29050,812,158
FRANCE,French economy,5MNj4Ze_9oc,Poverty on the rise in France • FRANCE 24 English,"In France, the most vulnerable households—families, the sick, and foreign nationals—are growing poorer, warns an annual report ...",FRANCE 24 English,2025-11-20T13:03:58Z,3966,101,62
FRANCE,French economy,0MCGOE8b96I,France on the Brink of Collapse - How Instability Is Spreading to the EU,Join this channel to get access to perks: https://www.youtube.com/channel/UCM2A3tbEoCcnRmJ8xpui95w ...,Buffett Followers,2025-12-03T17:00:02Z,35319,1812,135
FRANCE,French economy,jc_WGqnQAnQ,New measures to Reboot French economy #france #economy #europeanunion,,Global News TV,2025-11-10T16:02:10Z,301,3,0
FRANCE,French economy,xUwxA1YenQ4,Europe: Finland clings to happiness crown as economic gloom deepens • FRANCE 24 English,"Harsh economic headwinds are sending a chill through the world's happiest country. But after 1000 days of unemployment, ...",FRANCE 24 English,2025-11-25T13:41:26Z,11653,129,83
FRANCE,French economy,fb5tQbyPE0Y,Xi Welcomes France’s Macron to Beijing in Official Ceremony,French President Emmanuel Macron pushed for more Chinese investment during a meeting with Chinese leader Xi Jinping to ...,Bloomberg News,2025-12-04T14:26:29Z,12557,387,18
FRANCE,French economy,inn9ST5CtLY,"France&#39;s Macron pushes for more investment, trade rebalancing in China visit • FRANCE 24 English","French President Emmanuel Macron is visiting China with a delegation of business leaders, seeking more Chinese investment in ...",FRANCE 24 English,2025-12-04T10:41:48Z,3914,47,43
FRANCE,French economy,3paAnVtncqE,"France&#39;s Macron on three-day China trip, set to discuss trade and Russia-Ukraine war with Xi",French President Emmanuel Macron has arrived in Beijing for a three-day state visit. He will meet Chinese President Xi Jinping ...,CNA,2025-12-03T13:22:55Z,11458,88,62
FRANCE,French economy,JNyxRUNxYPw,WATCH: Chinese President Xi Jinping Welcomes French President Emmanuel Macron in Beijing | N18G,China's President Xi Jinping Welcomes French President Emmanuel Macron in Beijing | CNBC TV18 Chinese President Xi ...,CNBC-TV18,2025-12-04T03:30:01Z,49876,569,190
FRANCE,French economy,TJ8SB_XbdmQ,Focus on signs of good health in the French economy,"GDP #growth reached 0.5% q/q in the third quarter, well above the figures recorded for nearly three years. This outperformance ...",BNP Paribas Economic Research,2025-11-28T16:30:14Z,16,1,0
FRANCE,French economy,lBF27LVy_Yc,How France’s Economy Fell Behind Europe,"Once a symbol of power, innovation, and prosperity — France was at the heart of Europe's economic engine. But over the ...",Mega Network Zone,2025-11-07T20:21:51Z,4,0,0
FRANCE,French economy,06s_GYH8scU,"LIVE: French President Emmanuel Macron arrives in Chengdu, China","French President Emmanuel Macron arrives in Chengdu, China. A large business delegation is accompanying Macron on his ...",Reuters,2025-12-04T13:33:10Z,5526,30,0
FRANCE,French economy,hu4i9SfYwZA,"Xi, Macron Sign Wide-Ranging Deals in Beijing",French President Emmanuel Macron pushed for more Chinese investment during a meeting with Chinese leader Xi Jinping to ...,Bloomberg News,2025-12-04T16:30:19Z,21328,425,20
FRANCE,French economy,GycFAD7-ThQ,LIVE: French President Emmanuel Macron Addresses Students Before Table Tennis World Cup,"French President Emmanuel Macron visited Sichuan University in Chengdu, where he met with Chinese students and delivered a ...",The Financial Express,2025-12-05T22:14:49Z,1677,17,0
FRANCE,French economy,hqg9LuEBf1Q,"France&#39;s Macron urges China&#39;s Xi to step up efforts on Ukraine, rebalance global trade","Chinese President Xi Jinping has called for mutual ""understanding and support"" as he met French President Emmanuel Macron in ...",CNA,2025-12-04T13:44:04Z,6344,33,18
FRANCE,French economy,uj4DXZFKGh4,Why France’s Economy Is Struggling in 2025 | The End of the French Economic Miracle,"France's economy is struggling in 2025 — but why? Once called the “French Economic Miracle,” the nation now faces inflation, ...",Financial Lab,2025-11-10T05:54:09Z,12,0,0
FRANCE,French economy,qkenXUm5kGM,France Gives Putin DAYS to Accept Ceasefire — Threatens Total Economic Collapse | Rachel Maddow,France has just delivered one of the most explosive ultimatums of the Ukraine war — accept a ceasefire or face a new wave of ...,CoreNation Media,2025-11-30T18:45:17Z,356,6,3
FRANCE,French economy,pSRpi6VxCLU,Consumption Minute #11 | The French Economy on the Move,Follow us on our social networks: LinkedIn: https://www.linkedin.com/company/bnp-paribas-personal-finance Instagram: ...,BNP Paribas Personal Finance,2025-11-14T15:02:06Z,20,0,0
FRANCE,French economy,YGZbf8DPmjo,Don&#39;t Break These Laws Moving to France,Get access to my guide to Paris at https://go.parisinmypocket.com/aKAAqi and help me make better videos at ...,Jay Swanson,2025-11-26T11:04:11Z,11399,704,107
FRANCE,French economy,cyAlYv4zfl4,Xi and Macron on Expanding China–France Economic Cooperation at Beijing Business Council | APT,Chinese President Xi Jinping and French President Emmanuel Macron attended the closing ceremony of the seventh ...,APT,2025-12-04T11:35:04Z,660,13,0
FRANCE,French economy,ix6X172zS9I,Macron Joins Xi Jinping To Explore China’s Ancient Dujiangyan Dam On State Visit | #shorts,Chinese President Xi Jinping personally accompanied French President Emmanuel Macron to the southwestern city of Chengdu ...,Hindustan Times,2025-12-05T09:01:17Z,15036,378,24
FRANCE,Paris stock exchange,fs3OyM6jRRU,La Borsa paris,,Alex e Sophia ,2025-12-06T15:01:18Z,104,4,0
FRANCE,Paris stock exchange,K0DGspjAH08,Why Investors Are Abandoning France for Africas Rise A Crisis Paris Ignored,"Global markets are shifting faster than Paris expected. France faces soaring debt, investor panic, and a historic ratings downgrade ...",LifeofAfrica360,2025-12-01T08:47:22Z,0,0,0
FRANCE,Paris stock exchange,82r0Ud9Tppc,"Paris 🇫🇷 Walking Tour | November 7, 2025 | HD City Walk | France ","Welcome to this new Paris walking tour, filmed on November 7, 2025, in the heart of the city. Today, we explore the historic 1st ...",Guillaume Laporte,2025-11-23T13:00:17Z,139,5,0
FRANCE,Paris stock exchange,IxZaN4Bi7pk,Paris Investor Week ! Ça démarre !,,UMento - Cédric Tempestini,2025-11-14T07:57:52Z,1954,17,3
FRANCE,Paris stock exchange,x_V3AKKYDFE,Walid El Bqaq attended Paris Investor Week 2025 وليد البقـاق يحضر أسبوع باريس للاستثمار,"Friday, November 14th, 2025 - Mr. Walid El Bqaq attended Paris Investor Week in its first edition, which has taken place in Palais ...",Walid El Bqaq,2025-11-25T19:51:24Z,11,2,0
FRANCE,France inflation,7OGoKk4GqYA,How France Printed Itself to Death | The Assignat Disaster Explained,"How France Printed Itself to Death | The Assignat Disaster Explained In 1789, France tried something bold — printing a new kind ...",The Financial Historian,2025-11-10T17:00:12Z,27,0,0
FRANCE,France inflation,7lx38_OGvgM,The revolutionary paper currency assignats caused an inflation nightmare,"France Printed Its Way Into Starvation—And Did It AGAIN Explore how the assignats, the revolutionary paper currency in France, ...",Hindsight Markets,2025-12-05T06:00:16Z,303,4,0
FRANCE,France inflation,vILIYG40SEs,France Inflation Trends and Price Dynamics,"France's CPI shows very mild inflation driven by lower energy costs, while services and food rise slightly, keeping overall price ...",PT Fintech,2025-11-14T09:47:56Z,47,0,0
FRANCE,France inflation,034_p6W0M34,French Inflation Holds Steady: What It Means for Europe,"In this video, we explore the latest inflation data from France, Spain, and Italy as of November 2025. French inflation remains ...",Universal Connect,2025-11-28T10:45:43Z,0,0,0
FRANCE,France inflation,jkS1hbtsxPs,French Inflation Stays Steady While Spain &amp; Italy Slow Down: What&#39;s Happening in Europe?,"In this video, we break down the latest inflation data from France, Spain, and Italy. France's inflation unexpectedly held steady at ...",Open World Collective,2025-11-28T12:06:51Z,0,0,0
UK,UK economy news,A5ikLWOZQj8,Is the UK Heading for Economic Collapse?,Is the UK Heading for Economic Collapse? The UK is entering a period of economic danger that most people don't even realize is ...,UK Economy Report,2025-12-05T15:06:59Z,16388,328,97
UK,UK economy news,GNVQt0ZTIWM,Why The UK’s Economy Stopped Working,Why The UK's Economy Stopped Working Something in the UK economy broke in 2008 — and it never recovered. For seventeen ...,UK Economy Report,2025-12-04T18:39:01Z,2149,34,5
UK,UK economy news,O7y1w8Zd8ZY,UK Economy £9 Billion Deal &amp; Post Brexit Growth! #politics #government #pmqs,"Expect honest opinions, a few laughs, and plenty of yapping! 🗣️ Connect & Support: Website: https://timtodd.uk ...",Tim Todd,2025-12-06T00:00:29Z,570,0,0
UK,UK economy news,GvGzSVaBRpY,Bank of England governor on UK&#39;s financial stability,"Andrew Bailey, the governor of the Bank of England, speaks after the publication of its twice-yearly Financial Stability Report, ...",Sky News,2025-12-02T11:00:15Z,10489,66,32
UK,UK economy news,Rg_I-bqC4m4,UK PM &#39;proud&#39; of Budget and denies chancellor misled public | BBC News,Sir Keir Starmer has denied his chancellor misled the public about the UK's finances ahead of last week's Budget.,BBC News,2025-12-01T20:00:24Z,58095,264,708
UK,FTSE 100 stock market,uAsfDybBqR4,"FTSE 100 Trade Setup: Targeting 10,000 After UK Budget | Oil &amp; Gold Market Update | Live Trading","More chart analysis and insights on our Telegram : https://trading.capital.com/3Wloh6 In this trading video, David Jones reviews ...",Capital.com,2025-11-28T17:15:08Z,1467,53,4
UK,FTSE 100 stock market,4xNLDHGC1Oo,Top 10 FTSE 100 Stocks to Buy? October 2025 Market Winners 📈,"The London Stock Exchange rallied hard in October 2025! In this video, we countdown the Top 10 Best Performing FTSE 100 ...",EZ Personal Finance,2025-11-27T06:15:00Z,10,0,0
UK,FTSE 100 stock market,xtfewELRHWQ,Down 20% - What Are We Doing With This FTSE 100 Outperformer?,"3i – one of the FTSE 100's top performers – crashed at the end of the week. It's been a bad year for private equity firms, but the ...",Playing FTSE,2025-11-16T09:15:11Z,476,14,13
UK,FTSE 100 stock market,1_cj-DNwIto,The Stock Market Doesn&#39;t Like This FTSE 100 Reboot!,"Rightmove shares crashed on Friday after the company issued its Q3 update. That bit was fine, but there are some lower profit ...",Playing FTSE,2025-11-09T09:15:00Z,204,14,2
UK,FTSE 100 stock market,CyJF04q-kY4,Why investors are choosing the FTSE 100 over the S&amp;P 500 in 2025?,Are investors finally shifting from the S&P 500 to the FTSE 100? In today's video I break down why more investors are choosing ...,Joe Invests,2025-11-24T14:16:06Z,49,3,0
UK,Bank of England,NMDdkEZhNbI,The Bank of England is warning a financial crash is coming,The Bank of England has issued a stark new Financial Stability Report — and beneath the cautious language lies a clear ...,Richard J Murphy,2025-12-06T07:00:19Z,54818,3444,759
UK,Bank of England,GvGzSVaBRpY,Bank of England governor on UK&#39;s financial stability,"Andrew Bailey, the governor of the Bank of England, speaks after the publication of its twice-yearly Financial Stability Report, ...",Sky News,2025-12-02T11:00:15Z,10489,66,32
UK,Bank of England,n5WTUItiqws,The Bank of England Just Issued A Warning Everyone Should Hear,The Bank of England has quietly issued one of the most serious financial warnings in years — and almost no one is talking about ...,EUREKA UK,2025-12-04T18:30:37Z,8327,204,54
UK,Bank of England,oFJ39qrAfjk,"Financial Stability Report Press Conference, December 2025","Our Financial Policy Committee (FPC) identifies, monitors and takes action to remove or reduce systemic risks with a view to ...",Bank of England,2025-12-02T22:59:44Z,614,0,0
UK,Bank of England,9m4aed8q_iM,CARNEY Just Did the UNTHINKABLE — Something NO Country Has EVER Tried With Trump,CARNEY Just Did the UNTHINKABLE — Something NO Country Has EVER Tried With Trump #trump #canada #tradewar Mark ...,The Global Angle,2025-12-02T07:29:37Z,56617,3433,0
UK,British pound news,YtBlVodlAWA,Why Did the British Pound Surge Before CPI News? Find Out Now!,Explore the fascinating relationship between UK bond prices and inflation expectations in this must-watch video. Learn how ...,MarketsVox,2025-11-28T19:00:40Z,351,1,0
UK,British pound news,jEYBBtfcG7M,GBP/USD Analysis: British Pound Stalls on Thursday,"DailyForex Technical Analysis with Chris Lewis Every day, our Senior Technical Analyst Chris Lewis shares his expert market ...",DailyForex,2025-12-04T17:38:54Z,195,7,2
UK,British pound news,jWq1A-mjAdk,"UK Markets in Fresh Volatility Amid Budget Jitters, Reeves Tax U-Turn",UK markets were plunged into fresh volatility as speculation about the budget heightened uncertainty over the nation's fiscal ...,Bloomberg Television,2025-11-14T10:23:28Z,7084,24,9
UK,British pound news,b87AJaOMtVs,"EUR/USD, GBP/USD, EUR/GBP Price Forecast Today: Euro and Pound Technical Analysis (December 05)","Major currency pairs were mixed on Friday, with the euro fading after an early rally and the pound holding recent strength despite ...",FXEmpire,2025-12-05T14:40:38Z,171,5,0
UK,British pound news,-7KgbqlxHlQ,Highest Unemployment Since Covid &#39;Stark&#39; News For UK Economy,"UK unemployment rose more than expected, prompting traders to add to bets on a Bank of England interest-rate cut next month.",Bloomberg Podcasts,2025-11-11T10:29:37Z,36681,307,158
UK,London stock exchange,fdy6qtaSJz0,Uncertainty &#39;The Big Theme&#39; In Markets | London Stock Exchange Group CEO Full Interview,"Stocks steadied after a bruising run of losses, with traders refraining from taking big bets ahead of Nvidia's earnings later ...",Bloomberg Podcasts,2025-11-19T09:02:43Z,1278,13,1
UK,London stock exchange,DpRPecSGwpM,"London Stock Exchange CEO on Leadership, Teamwork &amp; Modernizing the City","In this episode of Executive Decisions, Steve Sedgwick speaks with Julia Hoggett, CEO of the London Stock Exchange and a ...",CNBC International,2025-11-11T05:00:14Z,715,26,0
UK,London stock exchange,1I5yhL_3pUE,DarGlobal on the London Stock Exchange: Where Lifestyle and Value Come Together,"DarGlobal develops real estate that speaks for itself, where lifestyle and value come together. We work with trusted global ...",DarGlobal,2025-11-20T09:36:11Z,24408,0,0
UK,London stock exchange,ehQD9iwvNNU,Qatar day at the London Stock Exchange,"Qatar Capital Markets Day at the London Stock Exchange under the patronage and attendance of H.E. Ali bin Ahmed Al Kuwari, ...",LSEG,2025-11-21T00:00:49Z,238,4,0
UK,London stock exchange,AC6VlrEGeIo,"DarGlobal Rings London Stock Exchange Bell, Launching &#39;Live All In&#39; to Mark Global Expansion","DarGlobal develops real estate that speaks for itself, where lifestyle and value come together. We work with trusted global ...",DarGlobal,2025-11-18T14:37:07Z,347569,3,0
JAPAN,Japan economy news,uXRaO-cBwEA,💣 Japan Just PULLED THE TRIGGER—A $20T MELTDOWN is Imminent!,Top Japanese officials just pulled the trigger on unwinding the $20 trillion Yen carry trade that could send tech stocks crashing ...,Steven Van Metre,2025-12-04T23:01:30Z,51158,2373,180
JAPAN,Japan economy news,5l_alteMFiU,"Trump’s Plan Backfired, Japan is Crashing US economy",Invest with me: https://theproactivethinker.com Follow me on Instagram: https://www.instagram.com/proactiv.thinker.,Proactive Thinker,2025-12-02T17:32:51Z,29654,787,56
JAPAN,Japan economy news,Hs53W6zPSYU,No easy fix for yen&#39;s persistent weaknessーNHK WORLD-JAPAN NEWS,"As the yen continues to weaken, speculation is growing that the authorities may try to support the currency. But it is far from certain ...",NHK WORLD-JAPAN,2025-11-28T13:02:29Z,46172,0,0
JAPAN,Japan economy news,plSfJd6WRwE,China turns the economic screws on Japan | DW News,An offhand remark by Japanese Prime Minister Sanae Takaichi has triggered a diplomatic — and increasingly economic ...,DW News,2025-11-20T17:15:08Z,51782,620,723
JAPAN,Japan economy news,YE3tGygnBIQ,China&#39;s economy faces long road to full recoveryーNHK WORLD-JAPAN NEWS,"China's weak property market continues to weigh on the broader economy, and it could take years to turn things around.",NHK WORLD-JAPAN,2025-12-03T12:25:57Z,7518,0,0
JAPAN,Nikkei stock market,jkzcP8RAjKQ,Japanese Stocks Rally: Nikkei 225 Surges 30% in 2025 |  Japan Stock Market Spotlight  | WION,"The Nikkei 225 has surged by around 30% in 2025, highlighting a strong performance in the Japanese stock market. Analysts are ...",WION,2025-11-11T14:07:58Z,1816,10,3
JAPAN,Nikkei stock market,t1tUl_wJ8Lc,"Japan Faces Triple Market Shock As Yields Hit Records, Yen Slides And Stocks Crash","Japan is battling one of its sharpest market shocks in years, with stocks, bonds and the yen falling together. The Nikkei plunged ...",Business Today,2025-11-19T11:55:23Z,11541,110,58
JAPAN,Nikkei stock market,dUAD7od0cw0,KOSPI 🇰🇷 vs Nikkei 🇯🇵 — both flying high this year! 📈 #Markets #Investing #WealthFlowCharts,,WealthFlowCharts,2025-11-12T19:00:48Z,49,2,0
JAPAN,Nikkei stock market,HksyYFHmciU,The Japanese *JUST* Destroyed the U.S. Stock Market,Meet Kevin Membership & Alpha Reports: https://MeetKevin.com ✓ ⚠️ ⚠️   Reinvest AI & HouseHack Startup: ...,Meet Kevin,2025-11-20T22:08:41Z,138418,3663,468
JAPAN,Nikkei stock market,OzF-VFgsgTU,Japan’s Stock Market Boom : Why Japanese Markets Are Booming?|  WION World Business Watch,"Japan's Stock Market Boom : Japan Stock Market: Put the spotlight on the Japanese stock markets, which have outperformed most ...",WION,2025-11-12T05:15:17Z,473,4,0
JAPAN,Bank of Japan,xF080ud8Gyk,Japan Just Triggered the Biggest Unwind in Financial History - GET READY NOW!,BLACK FRIDAY OFFER! Ready to Learn from My Mentors? Enrollments to WSP close this week. Book a Free Strategy Call at ...,Felix & Friends (Goat Academy),2025-11-30T14:00:07Z,261875,6841,277
JAPAN,Bank of Japan,2Vv9AI6YH3Q,Markets prepare for &quot;chaos and turmoil&quot; as Japan sees dramatic bond yield movements | The Business,Analysts will be paying close attention to Japanese markets overnight and for the next few days after some big moves in the bond ...,ABC News (Australia),2025-12-01T07:00:02Z,169123,1160,0
JAPAN,Bank of Japan,duiCaRL_X48,Where to find Live Bank of Japan Interest Rates,BOJ Rate Hike Risk? Track the Carry Trade Unwind LIVE The markets are watching Japan closely. With the Bank of Japan ...,Financial Source,2025-12-04T10:01:13Z,257,5,0
JAPAN,Bank of Japan,bbXavsr2HC8,The Japanese Bond Crisis: Why the BOJ Can&#39;t Stop Buying Its Own Debt,"The Japanese Bond Crisis: Why the BOJ Can't Stop Buying Its Own Debt For 20 years, betting against the Japanese bond market ...",The Coin Financials,2025-12-03T12:31:03Z,24350,932,160
JAPAN,Bank of Japan,2vyBIVzXEDg,Japan Just Pulled the TRIGGER - Brace for Impact,Subscribe to Lena's Substack here: https://www.worldaffairsincontext.com Watch content ad-free and support the channel: ...,World Affairs In Context,2025-12-02T13:00:05Z,524014,17577,809
JAPAN,Yen exchange rate,uYi3iRf8R2g,Japan Smart Exchange Machine | How to Exchange Money in Japan| Easy Currency Exchange Guide #shorts,Japan me paise exchange karna bahut easy hai! EX Smart Exchange Machine se aap bina line ke instantly currency convert kar ...,RD Trails,2025-12-06T06:35:12Z,89,1,0
JAPAN,Yen exchange rate,_twwFLy5yFA,Currency Exchange Rates Today | INR vs World Currencies | October 2025 #currency##exchange#world,"""Currency Exchange Rates Today | INR vs World Currencies | October 2025"" ""Indian Rupee Exchange Rates Update | Dollar, ...",All Round Updates,2025-12-06T05:09:43Z,5681,5,0
JAPAN,Yen exchange rate,6Eg4XxnuEGo,환율 폭등 이슈 엔화와 똑닮았다? #환율 #엔화 #주식,"12/4(목) 채국장 연말특강, 단톡방 입장자만 참석 가능합니다! [단톡방 입장하기] https://open.kakao.com/o/gKSo1H2h 12/4(목) ...",주식왕 채국장의 코스피 1만 코스닥 3천,2025-12-04T00:00:08Z,15628,127,7
JAPAN,Yen exchange rate,Hs53W6zPSYU,No easy fix for yen&#39;s persistent weaknessーNHK WORLD-JAPAN NEWS,"As the yen continues to weaken, speculation is growing that the authorities may try to support the currency. But it is far from certain ...",NHK WORLD-JAPAN,2025-11-28T13:02:29Z,46172,0,0
JAPAN,Yen exchange rate,QFdVY3gG-zM,💴 USD/JPY  Analysis Today 01 Dec | Dollar Yen Forecast | IFX Academy,"USD/JPY Analysis Today — In this USD/JPY technical analysis, we reveal the USD/JPY forecast, live price action, and short-term ...",IFX Trading Academy,2025-12-01T07:44:56Z,75,1,0
JAPAN,Toyota stock,vtWyPo6M4MA,Japan‘s top 5 🇯🇵#stocks #japan #toyota #money #finance #wealth #stocks #sony #company,"Japan's biggest companies continue to dominate the global market, led by Toyota, SoftBank, Sony, MUFG, and Hitachi.",equity.vision,2025-11-14T14:10:22Z,273,3,0
JAPAN,Toyota stock,axaEiUN14pg,Toyota&#39;s New Twin-Turbo V-8 Sports Car Is Here | Revealed,"With 640 horsepower on tap, Toyota calls the new GR GT a 'road-legal' race car. It started with the legendary Toyota 2000GT.",Motor1,2025-12-05T14:46:44Z,6166,234,61
JAPAN,Toyota stock,HLWXBvV5waI,P2C90 Update : Stock 2025 Toyota GR Corolla 8AT,Video update on my Stock 2025 GR Corolla with P2C90 My Original Thread: ...,Fujibo Heavy,2025-11-27T20:15:13Z,171,6,3
JAPAN,Toyota stock,mQIKR34Mo5g,【TLC OFFICIAL】TOYOTA LAND CRUISER 300 GR SPORT DAKAR RALLY 2026 STOCK SPEC,TOYOTA LAND CRUISER 300 GR SPORT DAKAR RALLY 2026 STOCK SPEC DEBUT！ 【TLC Official Website】 ...,TLC CHANNEL,2025-12-03T03:01:04Z,1400,109,12
JAPAN,Toyota stock,qTMU5xpC5R4,🔥 Pioneer Motors Jail Road | Huge Stock of Toyota Raize | Full Review &amp; Prices,Pioneer Motors Jail Road | Huge Stock of Toyota Raize | Full Review & Prices Sea of Toyota Raize! Pioneer Motors Jail Road ...,Kamal Dar Vlog,2025-11-15T06:00:06Z,1223,38,12
CHINA,China economy news,aMcoJorAdTM,Chinese AI Chipmaker Soars On Trading Debut | The China Show 12/5/2025,Bloomberg: The China Show” is your definitive source for news and analysis on the world's second-biggest economy.,Bloomberg Television,2025-12-05T05:46:34Z,6553,80,19
CHINA,China economy news,YE3tGygnBIQ,China&#39;s economy faces long road to full recoveryーNHK WORLD-JAPAN NEWS,"China's weak property market continues to weigh on the broader economy, and it could take years to turn things around.",NHK WORLD-JAPAN,2025-12-03T12:25:57Z,7518,0,0
CHINA,China economy news,B-V6OxMMHKQ,"China Has to Let The Yuan Get Stronger, Top Chinese Economist Says","CICC Chief Strategist Yanliang Miao says the combination of Chinese economic resilience, lower interest rates and capital flows ...",Bloomberg Television,2025-12-03T20:14:21Z,8762,126,41
CHINA,China economy news,eNCtBUVPmeo,It’s Official: Beijing Is Panicking Now | Chinese Economy | Japan-China Tensions,Please Support the Channel (It's just me making China Update): Patreon Link: https://www.patreon.com/chinaupdate One-off Tips ...,China Update,2025-12-02T12:31:04Z,42273,4980,419
CHINA,China economy news,wQujCVOHsEI,&#39;KILL AMERICANS&#39;: Chang sounds alarm on how China uses US technology,Gatestone Institute senior fellow Gordon Chang joins 'Mornings with Maria' to break down China's escalating threats toward ...,Fox Business,2025-12-01T13:15:08Z,113027,2347,758
CHINA,Shanghai stock market,XQzqMuBnUNA,What does Moore Thread&#39;s 500% surge at Shanghai debut mean for AI appetite?,AI #techstocks #techrally #technews #tech #technology #swissquote #markettalk _____ Discover our brand and philosophy: ...,Swissquote (in English),2025-12-05T09:02:07Z,553,10,1
CHINA,Shanghai stock market,R9c8_30Hpp4,China-Japan Spat Spooks Stocks | Bloomberg: The Asia Trade 11/17/25,"""Bloomberg: The Asia Trade"" brings you everything you need to know to get ahead as the trading day begins in Asia. Bloomberg ...",Bloomberg Television,2025-11-17T02:51:54Z,19078,134,29
CHINA,Shanghai stock market,aMcoJorAdTM,Chinese AI Chipmaker Soars On Trading Debut | The China Show 12/5/2025,Bloomberg: The China Show” is your definitive source for news and analysis on the world's second-biggest economy.,Bloomberg Television,2025-12-05T05:46:34Z,6553,80,19
CHINA,Shanghai stock market,IBO0Ny15jTM,Why has China not achieved greater success in its stock market so far? | To the point,Watch the entire episode here: https://youtu.be/5fhXlfznPEg For more news go to: http://www.dw.com/en/ Follow DW on social ...,DW News,2025-11-08T10:45:03Z,15591,154,4
CHINA,Shanghai stock market,-UeMYhrysAY,Overseas Investors&#39; Holdings of Chinese a shares,"MetroTV, Overseas investors have significantly increased their holdings in China's A-shares, with the total value surpassing 490 ...",METRO TV ,2025-11-13T09:28:34Z,88,0,0
CHINA,Chinese yuan,B-V6OxMMHKQ,"China Has to Let The Yuan Get Stronger, Top Chinese Economist Says","CICC Chief Strategist Yanliang Miao says the combination of Chinese economic resilience, lower interest rates and capital flows ...",Bloomberg Television,2025-12-03T20:14:21Z,8802,126,42
CHINA,Chinese yuan,qe1FdJDNOiY,IMF PANICS: Countries Abandon the Dollar and Shift to China’s Yuan,IMF Issues Urgent Warning: Is China About to End Dollar Dominance? OUTLINE: 00:00:00 America's Waning Financial Power ...,4 Daily News,2025-11-20T04:51:18Z,12854,266,34
CHINA,Chinese yuan,vrv6Oos8XaY,Why Is China’s Currency Getting Stronger? | The China Show 12/3/2025,Bloomberg: The China Show” is your definitive source for news and analysis on the world's second-biggest economy.,Bloomberg Television,2025-12-03T07:55:30Z,7793,76,22
CHINA,Chinese yuan,xdqcSX5dh50,BRICS Summit: China&#39;s Yuan Push &amp; The Gold-Backed Secret! #shorts,The BRICS summit sees China advocating for increased yuan usage among member nations. The goal: reduce reliance on the ...,Money Bites TV,2025-11-15T23:04:35Z,19285,152,9
CHINA,Chinese yuan,8LJSyVae090,China’s Yuan vs the U.S. Dollar — Who Will Win? #USDollar #ChineseYuan #Petroyuan #GlobalEconomy,"For nearly 80 years, the U.S. Dollar has been the world's reserve currency, dominating global trade, oil markets, and international ...",News Nexus,2025-11-20T00:30:09Z,104,0,0
CHINA,PBOC news,qqyHq0dGvB0,China Injects $141 Billion! PBOC&#39;s 1-Trillion-Yuan Reverse Repo Explained,"China's central bank, the People's Bank of China (PBOC), is injecting a massive 1 trillion yuan (approximately $141.4 billion) into ...",Shared Horizon Network,2025-12-04T14:01:27Z,0,0,0
CHINA,PBOC news,PK_dTBx1-cg,China Warns Stablecoins Enable Cross-border Illicit Flows | World Business Watch | WION,"China's central bank is sounding the alarm again on virtual currencies, warning of a fresh rise in crypto speculation despite a ...",WION,2025-11-30T06:41:59Z,1790,20,2
CHINA,PBOC news,Pfb3jqjABDA,"PBOC Sets USD/CNY Reference Rate at 7.0759, Slightly Stronger Than Previous","The People's Bank of China (PBOC) has set the USD/CNY reference rate at 7.0759, slightly stronger than the previous 7.0789.",Forex Trading Board,2025-12-05T09:00:46Z,57,0,0
CHINA,PBOC news,LeevEQzJ8MU,How China Controlled Strategic US Companies Through Debt; Over $200Bn Loaned In 20 Years! Explained,As per a recent report by AidData research lab at Virginia-based university William & Mary over 80% nations got loans from China ...,Mint,2025-11-26T15:52:27Z,2975,66,10
CHINA,PBOC news,1HLeX108huI,Crypto Weekly Recap: Fast Rebounds &amp; The Gold Bar Showdown,"Crypto markets rebounded fast after an early-week drop, Hong Kong stocks reacted to new PBOC warnings, and CZ's gold bar ...",Bake - Leveling the Investment Playing Field,2025-12-05T10:55:33Z,264,2,0
CHINA,Alibaba stock,VU-GRpqIUhk,Alibaba Chairman: &quot;China Totally DESTROYS the U.S. in the AI War!&quot;,"Why China Might Win the AI Race: Talent, Energy & Open Source So very interesting thing: globally almost half of the AI scientists ...",ChipCrunch,2025-12-05T22:00:41Z,1578,39,2
CHINA,Alibaba stock,QQCJs-GF1yw,Alibaba Stock CRUSHES Earnings?! What&#39;s Next For BABA Stock?,Alibaba the Chinese Ecommerce and cloud behemoth reporting earnings this week and they crushed on the top line in terms of ...,Two Stupid Guys Trade Stocks,2025-11-29T17:24:37Z,2229,105,41
CHINA,Alibaba stock,Tm6K_Gdc4YE,Should You Buy Alibaba Stock Before the Huge Investor Update? | BABA Stock Analysis,Alibaba is generating massive growth in its AI business that is offsetting sluggish growth in other categories. Membership: Join my ...,"Parkev Tatevosian, CFA",2025-11-19T19:52:50Z,3454,123,13
CHINA,Alibaba stock,vHfeOHhCzIQ,Alibaba New AI Update! Don&#39;t Miss The Big China Boat Again!,"Join our active Telegram stock community! Live sessions, market insights and stock ideas! https://t.me/BetterInvestingAcademy ...",Better Investing Academy,2025-11-19T09:01:35Z,4564,58,10
CHINA,Alibaba stock,bKpqKxeOJmY,What did Alibaba&#39;s (BABA Stock) earnings tell investors?,Portseido (14-Day Free + Black Friday): https://www.portseido.com/?fpr=tay84 Webull SINGAPORE (Free AAPL Share ...,Tay Chi Keng,2025-11-30T13:01:15Z,6533,161,20
RUSSIA,Russia economy news,7r8zHVZArTY,"Russia and India plan to expand trade, as India faces US tariff pressure | DW News",India and Russia have vowed to expand their ties beyond energy and defense despite Western pressure on New Delhi to scale ...,DW News,2025-12-05T15:39:56Z,34162,448,369
RUSSIA,Russia economy news,7zsD70KCrjQ,Trump could force Putin’s hand by threatening to hurt Russia’s economy | Sean Bell,"Tomahawk missiles, had the potential for America to help Ukraine. They would've hurt the Russian economy.” Trump could force ...",Times Radio,2025-12-04T13:00:23Z,13899,372,191
RUSSIA,Russia economy news,joSL8FdEe34,⚡️Putin’s economy on the edge of RUIN! Monetary reserves DEPLETED. Witkoff takes Russia’s SIDE,Professor Scott Lucas is the founder and editor of the analytical news outlet EA WorldView https://eaworldview.com/ TV Hosts ...,War & Politics 24,2025-12-03T20:00:47Z,43351,1890,264
RUSSIA,Russia economy news,GDC9mgUxxyA,India Today World Exclusive: Russian President Vladimir Putin&#39;s Biggest &amp; 1st Interview On Indian TV,"In an exclusive interview with India Today, Russian President Vladimir Putin addressed global geopolitics, stating ""India is a major ...",India Today,2025-12-04T18:01:56Z,408898,7549,2370
RUSSIA,Russia economy news,4fd5FRX6QGQ,IT’S ALL GONE: Ukraine&#39;s AFU BLASTED Russia’s $1 Trillion Pipeline! Belarus &amp; Hungary in PANIC MODE,"Russia #Ukraine #Lukashenko #Belarus #Putin #OilCrisis #Druzhba #Geopolitics #WarUpdate #Economy On December 1st, ...",Oracle Eyes,2025-12-04T22:27:58Z,75430,2305,162
RUSSIA,Moscow stock exchange,vuBuuZDhw-c,Moscow Stock Trading SUSPENDED Indefinitely—Ruble Drops to Record Low,Moscow Stock Trading SUSPENDED Indefinitely—Ruble Drops to Record Low Russia's Moscow Stock Exchange suspended ...,USA Today Point,2025-11-24T14:55:08Z,10,1,0
RUSSIA,Moscow stock exchange,uUvN9Omod4o,New futures on Bitcoin and Ethereum indices have launched on the Moscow Exchange.,New futures on Bitcoin and Ethereum indices have launched on the Moscow Exchange. So the question is: who actually needs ...,GPlius News,2025-11-25T23:18:10Z,77,0,0
RUSSIA,Moscow stock exchange,tQcv3crUDnk,Market View: Trump warns Russia’s trading partners of steep tariffs if Moscow fails to end war on...,Singapore share inched higher today as investors mull a slew of economic indicators out of China. The Straits Times Index was up ...,MONEY FM 89.3,2025-11-21T08:45:36Z,0,0,0
RUSSIA,Moscow stock exchange,Xir-ZeLMeOM,Ozon DRs: Forced Conversion,Ozon Holdings has basically completed its redomiciliation from Cyprus to Russia and has been renamed to Ozon IPJSC.,Magenta Legal,2025-11-18T14:25:52Z,20763,7,1
RUSSIA,Moscow stock exchange,sdIAJ4QQTK8,Russia&#39;s Stock Market Crisis: Why the MOEX Index Can&#39;t Move,"The Russian stock market tells a fascinating story of isolation and stagnation. In this deep dive, we analyze why the MOEX Index ...",InvestiCore,2025-11-11T19:00:52Z,8,0,0
RUSSIA,Russian ruble,2TaerKbNze8,What’s going on with the Russian ruble?,,RealReporter,2025-12-05T15:33:15Z,8330,757,68
RUSSIA,Russian ruble,yJzY4XR1ReU,"India-Russia Summit: Defense Deals, Su-57 Integration And Rupee-Ruble Trade In Focus | India Today","On this Special Report, Major Manik Jolly discusses the geopolitical implications of President Vladimir Putin's visit to India.",India Today,2025-12-05T05:20:52Z,10210,33,1
RUSSIA,Russian ruble,uYemI4yJiM4,RUSSIA&#39;s Largest Company Implodes,Please check out my latest food video: Cheapest Breakfast at the Smallest Wetherspoons! https://youtu.be/e_AUqwmcOlU The ...,Joe Blogs,2025-12-01T18:01:10Z,137329,10930,455
RUSSIA,Russian ruble,WtWNctvidyo,Russian Ruble Rises to Near 3-Year High,WORLD ECONOMY.,Spectrum Television,2025-12-06T01:58:05Z,7,0,0
RUSSIA,Russian ruble,nopAGqHkTQQ,How Putin’s War Ends: Ruble Collapse,Vladimir Putin's war on Ukraine is shifting into a phase defined not by military breakthroughs but by financial strain inside Russia ...,Jason Jay Smart,2025-11-27T18:14:02Z,134345,18512,772
RUSSIA,Russia sanctions economy,UdG4zXAI4h8,Modi &#39;at risk&#39; as Putin tries to save Russian economic collapse with Indian trade deal,Putin's deal with India is unlikely to solve Russia's economic crisis and could put Modi at risk of retaliation from Trump says ...,Times Radio,2025-12-06T10:01:01Z,12968,526,318
RUSSIA,Russia sanctions economy,iJKcG9rWxgY,‘Okay With Me’ | Trump Backs Sanctions on Countries Trading With Russia,"President Donald Trump said proposed Senate legislation to sanction countries conducting business with Russia would be ""okay ...",Bloomberg Podcasts,2025-11-17T11:35:35Z,2111,18,6
RUSSIA,Russia sanctions economy,3-8Csl22jXg,Trump Says Sanctions on Russia&#39;s Partners &#39;Okay With Me&#39;,President Donald Trump said proposed Senate legislation to sanction countries conducting business with Russia would be “okay ...,Bloomberg Television,2025-11-17T07:05:32Z,16937,57,33
RUSSIA,Russia sanctions economy,auGBL3hhLCw,Crippling the Kremlin with Russian Sanctions || Peter Zeihan,The Trump administration's sanctions on Russia's energy sector are proving to be more substantive than the other policies we've ...,Zeihan on Geopolitics,2025-11-18T10:45:00Z,173873,6518,448
RUSSIA,Russia sanctions economy,MYMyuQcFHjk,19 Rounds Later: Are Economic Penalties Just Empty Threats? A Shocking Look at Why Sanctions Might B,This critical segment dissects the latest strategy in geopolitical conflict. An expert panel confronts the reality that repeated ...,Global Scoop,2025-12-02T03:00:59Z,959,12,0
RUSSIA,Gazprom stock,5bZXnPQ33Ag,АКЦИИ ГАЗПРОМА СЕГОДНЯ 27.11.2025 📈 #инвестиции #акции #трейдинг #trading,Акции Газпрома сегодня находятся у отметки 123 рубля. Обзор на 27.11.2025 год. Определим ближайшие уровни ...,Trading News pro Инвестиции и Трейдинг,2025-11-27T16:58:00Z,713,5,4
RUSSIA,Gazprom stock,ehWsTRpZFS0,АКЦИИ ГАЗПРОМА ОБЗОР 29.11.2025 📈 #инвестиции #акции #трейдинг #trading,Акции Газпрома обзор на сегодня 29.11.2025 год. Определим ближайшие уровни поддержки и сопротивления в акции ...,Trading News pro Инвестиции и Трейдинг,2025-11-29T10:41:31Z,1194,6,7
RUSSIA,Gazprom stock,EvEaDE_7dZY,АКЦИИ ГАЗПРОМА СЕГОДНЯ 23.11.2025 📈 #инвестиции #акции #трейдинг #trading,Акции Газпрома сегодня находятся у отметки 127 рублей. Обзор на 23.11.2025 год. Определим ближайшие уровни ...,Trading News pro Инвестиции и Трейдинг,2025-11-23T10:36:00Z,858,6,4
RUSSIA,Gazprom stock,G351wsaNGhI,АКЦИИ ГАЗПРОМА ОБЗОР НА СЕГОДНЯ 05.12.2025 📈 #инвестиции #акции #трейдинг #trading,Акции Газпрома обзор на сегодня 05.12.2025 год. Определим ближайшие актуальные уровни поддержки и сопротивления ...,Trading News pro Инвестиции и Трейдинг,2025-12-05T16:39:10Z,432,3,4
RUSSIA,Gazprom stock,ykNS782sOYU,АКЦИИ ГАЗПРОМА ОБЗОР 01.12.2025 📈 #инвестиции #акции #трейдинг #trading,Акции Газпрома обзор на сегодня 01.12.2025 год. Определим ближайшие уровни поддержки и сопротивления в акции ...,Trading News pro Инвестиции и Трейдинг,2025-12-01T13:55:10Z,687,4,4
INDIA,India economy news,q7fX7hs65WI,“Global powerhouse…”: PM Modi lauds India’s economy as ‘fastest-growing major economy in world’,Global powerhouse…”: PM Modi lauds India's economy as 'fastest-growing major economy in world' #NarendraModi #PMModi ...,ANI News,2025-12-06T15:16:48Z,9954,608,20
INDIA,India economy news,kZFH6vEzoCo,Putin Says Russia Ready To Ensure Uninterrupted Fuel Shipments For India’s Economy | #shorts,Russia's Vladimir Putin Says Moscow Will Ensure Uninterrupted Fuel Supplies for India's Rapid Economic Growth During Meeting ...,Hindustan Times,2025-12-05T10:45:08Z,28578,339,11
INDIA,India economy news,hbJ7rbquf90,Putin’s World Exclusive: ‘India Is 3rd Strongest Economy’ ; Rejects G8 | India Today News,"In a world-exclusive interview with India Today's Geeta Mohan and Anjana Om Kashyap, Russian President Vladimir Putin asserts ...",India Today,2025-12-04T08:20:21Z,4072,36,8
INDIA,India economy news,7r8zHVZArTY,"Russia and India plan to expand trade, as India faces US tariff pressure | DW News",India and Russia have vowed to expand their ties beyond energy and defense despite Western pressure on New Delhi to scale ...,DW News,2025-12-05T15:39:56Z,34162,448,369
INDIA,India economy news,uVcL0FgLm8Q,Indian Rupee Hits Record Low Despite Robust Economic Growth | Vantage with Palki Sharma | N18L,"The Indian Rupee plunged to a historic low, crossing 90 against the US dollar for the first time. The Rupee's record fall comes ...",Firstpost,2025-12-03T16:49:21Z,111508,1836,816
INDIA,Sensex stock market,T6I531Z2VqA,Nifty prediction for 8 December 💥 nifty analysis for Tomorrow 😍 Sensex analysis for Monday,Nifty Prediction for Monday nifty analysis for 08 December telegram Channel join now ...,Unique Stock ,2025-12-06T05:13:33Z,3158,43,18
INDIA,Sensex stock market,bcsDmvWRe3E,Nifty Prediction &amp; Sensex Analysis for Monday | 8th December 2025 | is market goinG to Crash Now📈🚀,Nifty Prediction & Sensex Analysis for Monday | 8th December 2025 | #nifty #sensex #marketprediction links - Free Telegram ...,Marketguide Trading Academy,2025-12-05T10:54:53Z,9888,572,85
INDIA,Sensex stock market,v6wzvnXvVgA,SENSEX TOMORROW SENSEX PREDICTION AND ANALYSIS SENSEX LEVELS FOR MONDAY 08 DEC GAP UP/DOWN ON MONDAY,SENSEX TOMORROW SENSEX PREDICTION AND ANALYSIS SENSEX LEVELS FOR MONDAY 08 DEC GAP UP/DOWN ON ...,JASSI TECH,2025-12-06T01:45:10Z,2385,106,24
INDIA,Sensex stock market,eRrn-hNsOM4,Nifty Prediction &amp; Sensex Analysis for Tomorrow FRIDAY 5 DEC 2025 | Nifty 50 Bank Nifty Tomorrow,Nifty Prediction & Sensex Analysis for Tomorrow FRIDAY 5 DEC 2025 | Nifty 50 Bank Nifty Tomorrow My Official Telegram ...,Bidyut Biswas SEBI Reg RA (LTI - Learn To Invest),2025-12-04T12:04:36Z,6848,238,28
INDIA,Sensex stock market,9wuiXqRtr8U,GAP UP MONDAY SENSEX TOMORROW SENSEX PREDICTION AND ANALYSIS SENSEX LEVELS FOR MONDAY 08 DEC| CE PE,SENSEX TOMORROW SENSEX PREDICTION AND ANALYSIS SENSEX LEVELS FOR MONDAY 08 DEC GAP UP/DOWN ON ...,JASSI TECH,2025-12-06T13:20:00Z,383,39,12
INDIA,Reserve Bank of India,ptxZFBG5zcw,"Monetary Policy Statement by Shri Sanjay Malhotra, RBI Governor- December 5, 2025","Monetary Policy Statement by Shri Sanjay Malhotra, RBI Governor- December 5, 2025 at 10 am.",Reserve Bank of India,2025-12-05T05:00:31Z,23308,677,0
INDIA,Reserve Bank of India,tu3hCBHKNWU,"Reserve Bank of India Summer Internship 2026 | 20,000/- Stipend | Free RBI Internship Certificate",Enroll Here: https://shorturl.at/MVVYK Reserve Bank of India Summer Internship 2026 | 20000/- Stipend | All Students can Apply ...,Priya Dogra,2025-12-04T10:47:41Z,8620,186,36
INDIA,Reserve Bank of India,f95jMKqbzb4,EMI Will Reduce! RBI Cuts Repo Rate Again | Kanak News Shorts,RBI has taken a major decision that will directly affect your EMI and loan interest rates. The Reserve Bank of India has cut the repo ...,Kanak News,2025-12-06T10:01:11Z,14264,46,0
INDIA,Reserve Bank of India,2jNGo39OVao,RBI Cuts Repo Rate: Loans to Get Cheaper | Vantage with Palki Sharma | N18G,"India's economy is expanding at one of its fastest rates in years, while inflation has dropped to record lows. In this context, the ...",Firstpost,2025-12-05T19:01:14Z,9455,106,1
INDIA,Reserve Bank of India,9muevuhYtxY,Repo Rate Cut by 0.25 Percent | Reserve Bank Announcement | Sun News,reporatecut #rbi #sunnews Repo rate cut by 0.25 percent | Reserve Bank announcement | Sun news Subscribe to Sun News ...,Sun News,2025-12-05T08:32:16Z,31709,57,0
INDIA,Indian rupee,sWOMXIAlM2c,The Indian Rupee ₹ Is Now Asia’s Worst Performing Currency | Analysis | #BKBB by RN Bhaskar,"A fast-shrinking Indian rupee is a pointer to the absence of governance, and even myopic vision. The government continues to ...",RN Bhaskar,2025-12-05T14:30:46Z,12301,528,204
INDIA,Indian rupee,C4--q5ZRLzg,"Indian rupee past 90: why it’s falling against weakening $ as other currencies rise, &amp; Trump tariffs","cuttheclutter Rupee today hit a record-low to 90 against US dollar. In 1765 of #CutTheClutter, ThePrint Editor-In-Chief explains the ...",ThePrint,2025-12-03T18:29:59Z,96692,1325,550
INDIA,Indian rupee,6stRcrLQDXg,Rupee Collapse Exposes Three Big Lies About The Indian Economy &amp; The Modi Govt | Akash Banerjee,Checkout Odoo and grow your business - https://www.odoo.com/r/0UB The Rupee has breached 90 & is inching closer to the 100 ...,The Deshbhakt,2025-12-05T14:51:07Z,720760,25674,2615
INDIA,Indian rupee,uVcL0FgLm8Q,Indian Rupee Hits Record Low Despite Robust Economic Growth | Vantage with Palki Sharma | N18L,"The Indian Rupee plunged to a historic low, crossing 90 against the US dollar for the first time. The Rupee's record fall comes ...",Firstpost,2025-12-03T16:49:21Z,111508,1836,816
INDIA,Indian rupee,3_pVenLAwac,INDIAN Rupee Crashes to All Time Low,Please check out my latest food video: I Compare Supermarket Mince Pies https://youtu.be/s-7sQmi838g If you would like to ...,Joe Blogs,2025-12-04T18:14:59Z,49582,4388,1185
INDIA,Reliance stock,M65P3rBd2cM,reliance spinning mills ipo | upcoming ipo in nepal | ipo share market in nepal,reliance spinning mills ipo | upcoming ipo in nepal | ipo share market in nepal how to transfer share after ...,Money Kura,2025-12-06T09:06:14Z,1699,108,24
INDIA,Reliance stock,mxhnZNXgek4,"r power, स्पष्टीकरण आ गया!  reliance power latest news, rpower share latest news. reliance infra","r power, स्पष्टीकरण आ गया! reliance power latest news, rpower share latest news. reliance infra r power, ...",SSA stock market,2025-12-06T09:47:51Z,1109,56,8
INDIA,Reliance stock,UdI_NcwjPEg,RELIANCE INDUSTRIES share latest news 🚨 1:5 SPLIT DECLARED 🚨 KAYNES TECHNOLOGY share • RVNL share,For Business Queries : missionmarket9123@gmail.com Join SEBI Registered Telegram Channel ...,Mission Market,2025-12-04T10:00:58Z,7240,197,8
INDIA,Reliance stock,jgTPqeqv5KY,"Vodafone, Ola Electric, Bajaj Housing, HCC, Kaynes Tech, Reliance Power, IndiGo Share में क्या करें?","RBI के रेट कट से निफ्टी 26200 पर आकर खड़ा हो गया है। ऑटो, रियल एस्टेट और ...",The Bonus,2025-12-06T04:30:35Z,13747,335,35
INDIA,Reliance stock,oL-N1CjHRgU,"RIL Share Price : रॉकेट Reliance शेयर, Brokerage ने जताया भरोसा! नोट करें टारगेट प्राइस | RIL Stock",RIL Share Price | Reliance Industries में जानें निवेश को लेकर क्या है Experts की राय।,ET Now Swadesh,2025-11-20T09:13:48Z,3460,17,3
TAIWAN,Taiwan economy news,s3SpfXqVk-8,Taiwan&#39;s Economic Growth Forecast Adjusted Upwards to 7.37%｜TaiwanPlus News,"The Directorate-General of Budget, Accounting and Statistics has revised their economic outlook for 2025 to 7.37 percent.",TaiwanPlus News,2025-11-29T09:25:52Z,297,11,2
TAIWAN,Taiwan economy news,0Oozlp0Pzf0,Taiwan Economy Expands in November Despite Tariff Fears: Data｜TaiwanPlus News,Figures from the Chung-Hua Institution for Economic Research show November's Purchasing Managers' Index expanded for both ...,TaiwanPlus News,2025-12-02T11:28:54Z,157,6,0
TAIWAN,Taiwan economy news,p_V7PhtLPMo,Taiwan Slams China’s ‘Economic Coercion’ As Japan Faces Seafood Ban Amid Growing Diplomatic Rift,Taiwan's Foreign Minister Lin Chia-Lung has pledged full support for Japan as tensions escalate with China over comments made ...,Hindustan Times,2025-11-20T06:37:00Z,9521,56,38
TAIWAN,Taiwan economy news,hEpSe5mCwXA,Taiwan Set For Fastest Expansion in 15 Years | WION News,"AI is No Longer Driving Record-High Big Tech Valuations, It is Also Powering National Economies, and Taiwan is the Clearest ...",WION,2025-11-29T18:25:54Z,1842,9,5
TAIWAN,Taiwan economy news,wQujCVOHsEI,&#39;KILL AMERICANS&#39;: Chang sounds alarm on how China uses US technology,Gatestone Institute senior fellow Gordon Chang joins 'Mornings with Maria' to break down China's escalating threats toward ...,Fox Business,2025-12-01T13:15:08Z,113027,2347,758
TAIWAN,TSMC stock analysis,4i7_7lpDTCU,Is Taiwan Semiconductor an Undervalued Stock to Buy? | TSM Stock Analysis,"Taiwan Semiconductor Manufacturing Company is the supplier to companies like Nvidia, Apple, and AMD. Membership: Join my ...","Parkev Tatevosian, CFA",2025-12-01T14:45:01Z,6715,202,18
TAIWAN,TSMC stock analysis,YC0VMx9_r70,Most People Are Investing In The WRONG One — NVDA vs AMD,Join Jerry's Patreon & Trade Alerts: https://www.patreon.com/jerryromine Most investors don't understand the difference between ...,Jerry Romine Stocks,2025-12-06T13:01:12Z,3728,405,108
TAIWAN,TSMC stock analysis,V4aDaEdRM7E,TSMC Posts Slowest Growth Since 2024 as Nvidia CEO Asks for More Chip Supplies,Taiwan Semiconductor Manufacturing Co. reported slowing growth in monthly revenue as investors debate the sustainability of an ...,Bloomberg Podcasts,2025-11-10T17:45:12Z,43747,82,11
TAIWAN,TSMC stock analysis,lwS93FA4GVA,Intel Stock vs TSMC Stock - Which one is better? (2025 Guide),"intel stock 2025, what is the prediction for intel stock, everything money intel stock, is intel stock a buy now, best semiconductor ...",TheTutorialHut,2025-11-28T06:28:27Z,14,0,0
TAIWAN,TSMC stock analysis,lD0CnG-xgvc,Tom Lee Just Updated His Nvidia Prediction For 2026.,Tom Lee just dropped one of his boldest Nvidia predictions yet — calling for a potential path to $2000 per share by 2035.,The NVIDIA Report,2025-12-05T20:00:48Z,4807,89,32
TAIWAN,Taiwan semiconductor,4i7_7lpDTCU,Is Taiwan Semiconductor an Undervalued Stock to Buy? | TSM Stock Analysis,"Taiwan Semiconductor Manufacturing Company is the supplier to companies like Nvidia, Apple, and AMD. Membership: Join my ...","Parkev Tatevosian, CFA",2025-12-01T14:45:01Z,6715,202,18
TAIWAN,Taiwan semiconductor,9Ca9rp1c-l8,FULL VIDEO: Nvidia CEO Jensen Huang Says Company’s Success Wouldn’t Exist Without TSMC,"Nvidia CEO Jensen Huang credits TSMC for the company's success, calling the Taiwanese chipmaker “the best” as demand for ...",DRM News,2025-11-08T08:47:37Z,5105,65,2
TAIWAN,Taiwan semiconductor,DKa49LdeEEk,"Taiwan Invests ₹1,000cr to Build Karnataka’s Semiconductor Future",Karnataka has signed a landmark MoU with Taiwan's Allegiance Group to build the India–Taiwan Industrial Technology ...,AIM Network,2025-12-05T15:00:34Z,3736,140,46
TAIWAN,Taiwan semiconductor,EkOZ1SkHRMA,Is Taiwan Semiconductor Stock a Buying Opportunity? | #tsmc #tsm #semiconductorstocks #ai #stocks,"Membership: Join my YouTube channel membership and unlock exclusive perks! As a member, you'll get early access to videos ...","Parkev Tatevosian, CFA",2025-12-01T21:52:19Z,5846,121,8
TAIWAN,Taiwan semiconductor,GilAjOJ1HQo,Why Taiwan’s Microchips Decide the Next Global Superpower,"The world is entering a new kind of war — not for land, not for oil, but for tiny microchips smaller than a fingernail. This video ...",Money Through Ages,2025-11-26T15:30:18Z,6,0,0
TAIWAN,Taiwan stock market,Vs86Al3A7DE,"Nvidia Posts Q3 Earnings of US$57 Billion, Taiwan&#39;s Stock Market Surges ｜TaiwanPlus News","Nvidia's Q3 revenue has jumped over 60% to US$57 billion, driven by soaring AI demand. The US chipmaker said strong sales, ...",TaiwanPlus News,2025-11-20T08:36:05Z,431,6,0
TAIWAN,Taiwan stock market,cBaJ61lFPeI,"Taiwan Stock Market Update: Tech Stocks, MSCI Adjustments, and AI Concerns","In this video, we delve into the latest developments in Taiwan's stock market. On November 24th, shares ended slightly higher, but ...",Worldwide Perspectives,2025-11-24T09:36:06Z,0,0,0
TAIWAN,Taiwan stock market,NEj-gr1Vo14,Taiwan Stock Market: MSCI Index Adjustments Impact Tech Stocks,"In this video, we dive into the Taiwan stock market's performance on Monday, November 24th. The Taiex closed slightly higher, ...",World Wide Stories,2025-11-28T17:08:58Z,0,0,0
TAIWAN,Taiwan stock market,9VE2i71Tj7M,Japan Seeks to Calm China After Taiwan Furor | The China Show 11/18/2025,Bloomberg: The China Show” is your definitive source for news and analysis on the world's second-biggest economy.,Bloomberg Television,2025-11-18T06:28:52Z,39005,189,139
TAIWAN,Taiwan stock market,KSoT3m9g7G4,Taiwan Stock Market Update: MSCI Index Adjustments Impact Tech Stocks,"In this video, we delve into the latest developments in Taiwan's stock market. On November 24th, the Taiex closed slightly higher, ...",The Open World Channel,2025-11-24T09:29:21Z,0,0,0
TAIWAN,Taiwan dollar,FckdjaA8UKk,Why Does Taiwan Want a Weak Currency?,"Why would a country want to have a weak currency? In its recent article ""The hidden risks in Taiwan's boom,"" ""The Economist"" ...",TaiwanPlus News,2025-11-19T11:23:41Z,6828,220,13
TAIWAN,Taiwan dollar,TSG3R9tKu10,"Analysis: Taiwan’s Economic Risks Rise With Currency, Geopolitical Pressures｜TaiwanPlus News",The New Taiwan dollar surged following a rare Taiwan-US joint statement on currency policy. TaiwanPlus spoke with Kymco ...,TaiwanPlus News,2025-11-17T12:01:02Z,526,9,1
TAIWAN,Taiwan dollar,TBa7QviiTDo,"Taiwan, US Treasury Say They Will Combat Currency Manipulation｜TaiwanPlus News",Taiwan has reaffirmed pledges to fight currency manipulation in a joint statement with the US Treasury. Reporter(s): ...,TaiwanPlus News,2025-11-15T08:00:38Z,435,13,2
TAIWAN,Taiwan dollar,Rn-xaKMl4G4,India shouldn’t copy Taiwan’s currency playbook. It will only lead to instability,"Should India opt for a deliberately weakened rupee, it risks compromising its greatest asset: a vast and expanding domestic ...",ThePrint,2025-11-27T08:26:18Z,8852,160,65
TAIWAN,Taiwan dollar,Zw4DEuSj6oE,Why Taiwan’s Dollar Is So Strong: Economic Secrets and Global Power Explained,"TaiwanDollar, #TaiwanEconomy, #davidattenboroughstyle , #motivationalspeech , #globalfinance , ✓ Description Discover the ...",David Attenborough Principle,2025-12-05T19:00:44Z,0,0,0
CANADA,Canada economy news,m7eYeKGeNqw,How Canada Sabotaged Its Own Economy,"In the latest episode of Not 'Sorry' on Juno News, host Alexander Brown, Director of the National Citizens Coalition, explores ...",Juno News,2025-12-05T00:30:06Z,12094,1065,197
CANADA,Canada economy news,3ABnITnb79A,Canada&#39;s unemployment rate falls to 6.5%,"Travis O'Rourke president of Hays, joins BNN Bloomberg to discuss the latest Canadian jobs numbers as unemployment drops ...",BNN Bloomberg,2025-12-05T16:07:47Z,4361,51,135
CANADA,Canada economy news,j0-DM2P08FE,"&#39;Real estate in Canada, is probably a very big proportion of people&#39;s net worth&#39;: Vinokur","Mike Vinokur, portfolio manager & senior wealth advisor at Propellus Wealth Partners, iA Private Wealth, joins BNN Bloomberg to ...",BNN Bloomberg,2025-12-04T16:24:44Z,33410,226,198
CANADA,Canada economy news,bFOZuxcA7m0,Reporter Roundtable: Do most Canadians support a pipeline to B.C.? | Power &amp; Politics,"A new Abacus Data poll suggests a majority of Canadians support a pipeline to B.C.'s coast, but how split is the Liberal caucus on ...",CBC News,2025-12-05T00:24:33Z,17249,152,0
CANADA,Canada economy news,sk1y3_3iut8,"Trump claims Canada, Mexico have taken advantage of the U.S. | Hanomansing Tonight","As a hearing kicked off in Washington focused on the future of CUSMA, Trump claimed Mexico and Canada have 'taken ...",CBC News,2025-12-04T00:40:19Z,66068,420,0
CANADA,TSX stock market,xrFfNFWn36g,Market Call: Jerome Hass&#39; outlook on Canadian Stocks,"Jerome Hass, portfolio manager at Lightwater Partners, shares his outlook on Canadian Stocks. +++ Subscribe to BNN ...",BNN Bloomberg,2025-11-14T21:00:33Z,9299,149,9
CANADA,TSX stock market,tAsKkFbFHIQ,"&#39;When I look at the U.S. market, what I see is extreme uncertainty&#39;: Healy","Ross Healy, chairman at Strategic Analysis Corporation, joins BNN Bloomberg to discuss the outlook on the markets heading to ...",BNN Bloomberg,2025-11-27T14:51:30Z,930,15,0
CANADA,TSX stock market,Cn7b21OadeI,&#39;This is where the growth in the Canadian stock market exists&#39;: Avigdor on Celestica&#39;s stock,"Diana Avigdor, VP, portfolio manager and head of trading at Barometer Capital Management, joins BNN Bloomberg to discuss ...",BNN Bloomberg,2025-11-18T16:41:42Z,2901,33,9
CANADA,TSX stock market,fiQTZo2ibKA,5 of the BEST Stocks to BUY in December 2025,DON'T MISS Fiscal AI's BLACK FRIDAY SALE and get 30% OFF Today: https://fiscal.ai/mark/?via=mark The Stock Investor's ...,"Mark Roussin, CPA",2025-11-29T15:30:25Z,38876,1685,268
CANADA,TSX stock market,xjv2CUSFfxM,Investing Explained: Indexes,Every night on the evening news they talk about that market being up or down. What they're talking about are indexes. Learn more ...,Nova Scotia Informed Investor,2025-11-10T12:01:56Z,73,0,0
CANADA,Bank of Canada,HaZtrOoanmQ,The Bank Of Canada Did It Again 📉,Book An Appointment: https://calendly.com/tomstorey Search Listings and Sold Prices For FREE: ...,Tom Storey,2025-12-01T17:00:35Z,30837,349,85
CANADA,Bank of Canada,Edg3WNcrRxI,Central Banking and the Future of Payments / Les banques centrales et l’avenir des paiements,Panel Discussion: Central Banking and the Future of Payments Follow #BankofCanada ...,Bank of Canada - Banque du Canada,2025-11-07T09:45:33Z,891,12,0
CANADA,Bank of Canada,M2Irtv1FcOY,The Bank of Canada Just Changed EVERYTHING,Grab my FREE Homebuyer Starter Pack for the GTA: https://forms.gle/HYydz41kBo27Mf4XA This includes my full 14-step buyer ...,GTA Real Estate with Mike Carpino,2025-12-01T21:00:32Z,3582,51,24
CANADA,Bank of Canada,WwrsBoL7AKI,Canada’s Rate Decision Is Days Away - Will This Hit Homeowners Hard? | 570 CityNews,"In this episode on 570 CityNews – Ask the Experts, Tracy Valko sits down with Bruno Valko, VP National Sales at RMG Mortgages ...",Tracy Valko,2025-12-03T12:01:09Z,8609,71,48
CANADA,Bank of Canada,O1HjrCp4uVw,Canada’s weak productivity: reversing course / Faible productivité au Canada : renverser la vapeur,"External Deputy Governor Nicolas Vincent discusses Canada's longstanding weak productivity, what can be done to reverse the ...",Bank of Canada - Banque du Canada,2025-11-20T06:34:46Z,683,12,0
CANADA,Canadian dollar,sBtQhStV5hA,Canadian Dollar MELTDOWN: Billions Are Leaving the Country,"TSXV: CGNT | OTCQB: LBCMF To learn more and invest in Copper Giant Resources, please visit: ...",Market Mania 🏴‍☠️,2025-11-23T19:30:09Z,35676,1735,561
CANADA,Canadian dollar,CAys13Gws6Q,&#39;Canadian dollar is not liquid enough to support a global carry trade&#39;: Chief investment officer,"Peter Hodson, chief investment officer at i2i Capital Management, joins BNN Bloomberg to discuss the Japanese yen and why ...",BNN Bloomberg,2025-11-25T16:00:35Z,27276,316,206
CANADA,Canadian dollar,3ABnITnb79A,Canada&#39;s unemployment rate falls to 6.5%,"Travis O'Rourke president of Hays, joins BNN Bloomberg to discuss the latest Canadian jobs numbers as unemployment drops ...",BNN Bloomberg,2025-12-05T16:07:47Z,4361,51,135
CANADA,Canadian dollar,heW6Q7dBYLs,Digital currency could ensure the Canadian dollar remains relevant: Lavallée on Canadian stablecoin,"Didier Lavallée, CEO of Tetra Digital Group, joins BNN Bloomberg to discuss the path forward for Canadian dollar-backed ...",BNN Bloomberg,2025-11-27T19:26:02Z,1576,35,57
CANADA,Canadian dollar,WT6xGddmeJI,"‘Buy Canadian’ losing some momentum as countertariffs lift, Loblaw CEO says",The head of Canada's largest grocery chain says customers are returning to buying American items now that tariffs have lifted.,CTV News,2025-11-19T16:35:42Z,9655,80,157
CANADA,Canada interest rate,1pEwfZhnli4,"BANK OF CANADA – Interest Rate NIGHTMARE: They Can’t Cut, They Can’t Hold, They Raise","The Bank of Canada is trapped — they can't cut rates without reigniting inflation, can't hold without crushing the economy, and ...",Justin Chausse,2025-11-11T05:00:06Z,10898,112,81
CANADA,Canada interest rate,yadU2VZqprA,Bank of Canada&#39;s Room to Cut on Oct. Inflation Data,"The Bank of Canada is getting inflation data that looks mostly reassuring, with core measures landing right where it would want ...",Mark Mitchell - Mortgage Broker London Ontario,2025-11-17T17:43:37Z,13126,440,117
CANADA,Canada interest rate,X0vdIvj29eA,Bank of Canada Interest Rate Prediction Dec 2025,"The Bank of Canada has already cut its key interest rate a couple of times this year, and the next announcement is scheduled for ...","Jason Scott, Edmonton Mortgage Broker",2025-11-14T00:20:10Z,127,2,1
CANADA,Canada interest rate,3GsYDdAMO-w,&#39;Those interest rates are going downwards&#39;: Bala on potential BoC rate cuts,"Jay Bala, CEO and senior portfolio manager at AIP Asset Management, joins BNN Bloomberg to discuss the path forward for the ...",BNN Bloomberg,2025-11-17T21:07:16Z,21453,93,31
CANADA,Canada interest rate,0JrNMAU6Gdw,5 High-Interest Savings Accounts in Canada (And the Ones to Avoid),I'm breaking down the 5 best high-interest savings accounts in Canada that actually make your money work for you. After a ...,Jessica Moorhouse - Canadian Personal Finance,2025-11-21T20:51:03Z,139245,2873,306
