series_id,series_name,date,year,value,prev_value,yoy_change,yoy_change_abs,rolling_avg_5y
CPIAUCSL,Consumer Price Index,1970-01-01,1970,43.4,,,,43.4
CPIAUCSL,Consumer Price Index,1971-01-01,1971,46.3,43.4,6.682027649769583,2.8999999999999986,44.849999999999994
CPIAUCSL,Consumer Price Index,1972-01-01,1972,49.8,46.3,7.559395248380129,3.5,46.5
CPIAUCSL,Consumer Price Index,1973-01-01,1973,53.3,49.8,7.028112449799197,3.5,48.2
CPIAUCSL,Consumer Price Index,1974-01-01,1974,55.8,53.3,4.690431519699813,2.5,49.720000000000006
CPIAUCSL,Consumer Price Index,1975-01-01,1975,60.9,55.8,9.139784946236562,5.100000000000001,53.21999999999999
CPIAUCSL,Consumer Price Index,1976-01-01,1976,66.1,60.9,8.53858784893267,5.199999999999996,57.17999999999999
CPIAUCSL,Consumer Price Index,1977-01-01,1977,71.8,66.1,8.623298033282909,5.700000000000003,61.58
CPIAUCSL,Consumer Price Index,1978-01-01,1978,75.5,71.8,5.153203342618388,3.700000000000003,66.02
CPIAUCSL,Consumer Price Index,1979-01-01,1979,82.9,75.5,9.801324503311266,7.400000000000006,71.44000000000001
CPIAUCSL,Consumer Price Index,1980-01-01,1980,84.5,82.9,1.9300361881785213,1.5999999999999943,76.16
CPIAUCSL,Consumer Price Index,1981-01-01,1981,88.6,84.5,4.8520710059171535,4.099999999999994,80.66000000000001
CPIAUCSL,Consumer Price Index,1982-01-01,1982,95.1,88.6,7.336343115124154,6.5,85.32000000000001
CPIAUCSL,Consumer Price Index,1983-01-01,1983,97.5,95.1,2.523659305993697,2.4000000000000057,89.72
CPIAUCSL,Consumer Price Index,1984-01-01,1984,100.5,97.5,3.076923076923077,3.0,93.24
CPIAUCSL,Consumer Price Index,1985-01-01,1985,104.7,100.5,4.1791044776119435,4.200000000000003,97.28
CPIAUCSL,Consumer Price Index,1986-01-01,1986,108.1,104.7,3.2473734479465053,3.3999999999999915,101.17999999999999
CPIAUCSL,Consumer Price Index,1987-01-01,1987,109.9,108.1,1.665124884366338,1.8000000000000114,104.13999999999999
CPIAUCSL,Consumer Price Index,1988-01-01,1988,114.4,109.9,4.094631483166515,4.5,107.51999999999998
CPIAUCSL,Consumer Price Index,1989-01-01,1989,117.2,114.4,2.447552447552445,2.799999999999997,110.86000000000001
CPIAUCSL,Consumer Price Index,1990-01-01,1990,120.7,117.2,2.986348122866894,3.5,114.05999999999999
CPIAUCSL,Consumer Price Index,1991-01-01,1991,122.6,120.7,1.5741507870753864,1.8999999999999915,116.96
CPIAUCSL,Consumer Price Index,1992-01-01,1992,127.5,122.6,3.9967373572593847,4.900000000000006,120.47999999999999
CPIAUCSL,Consumer Price Index,1993-01-01,1993,129.7,127.5,1.7254901960784226,2.1999999999999886,123.54
CPIAUCSL,Consumer Price Index,1994-01-01,1994,132.5,129.7,2.158828064764851,2.8000000000000114,126.6
CPIAUCSL,Consumer Price Index,1995-01-01,1995,136.9,132.5,3.3207547169811362,4.400000000000006,129.83999999999997
CPIAUCSL,Consumer Price Index,1996-01-01,1996,138.7,136.9,1.3148283418553564,1.799999999999983,133.06
CPIAUCSL,Consumer Price Index,1997-01-01,1997,142.4,138.7,2.6676279740447133,3.700000000000017,136.04
CPIAUCSL,Consumer Price Index,1998-01-01,1998,147.9,142.4,3.8623595505617976,5.5,139.68
CPIAUCSL,Consumer Price Index,1999-01-01,1999,149.2,147.9,0.8789722785665874,1.299999999999983,143.01999999999998
CPIAUCSL,Consumer Price Index,2000-01-01,2000,153.2,149.2,2.680965147453083,4.0,146.28000000000003
CPIAUCSL,Consumer Price Index,2001-01-01,2001,157.4,153.2,2.741514360313327,4.200000000000017,150.02
CPIAUCSL,Consumer Price Index,2002-01-01,2002,162.6,157.4,3.30368487928843,5.199999999999989,154.06
CPIAUCSL,Consumer Price Index,2003-01-01,2003,164.6,162.6,1.2300123001230012,2.0,157.4
CPIAUCSL,Consumer Price Index,2004-01-01,2004,166.6,164.6,1.2150668286755772,2.0,160.88000000000002
CPIAUCSL,Consumer Price Index,2005-01-01,2005,171.6,166.6,3.0012004801920766,5.0,164.56
CPIAUCSL,Consumer Price Index,2006-01-01,2006,176.4,171.6,2.7972027972028037,4.800000000000011,168.35999999999999
CPIAUCSL,Consumer Price Index,2007-01-01,2007,181.3,176.4,2.777777777777781,4.900000000000006,172.1
CPIAUCSL,Consumer Price Index,2008-01-01,2008,186.4,181.3,2.813017098731381,5.099999999999994,176.46
CPIAUCSL,Consumer Price Index,2009-01-01,2009,189.8,186.4,1.8240343347639514,3.4000000000000057,181.1
CPIAUCSL,Consumer Price Index,2010-01-01,2010,195.0,189.8,2.7397260273972543,5.199999999999989,185.78000000000003
CPIAUCSL,Consumer Price Index,2011-01-01,2011,200.5,195.0,2.8205128205128207,5.5,190.6
CPIAUCSL,Consumer Price Index,2012-01-01,2012,204.0,200.5,1.7456359102244388,3.5,195.14000000000001
CPIAUCSL,Consumer Price Index,2013-01-01,2013,212.9,204.0,4.362745098039218,8.900000000000006,200.44
CPIAUCSL,Consumer Price Index,2014-01-01,2014,219.3,212.9,3.0061061531235347,6.400000000000006,206.34
CPIAUCSL,Consumer Price Index,2015-01-01,2015,222.2,219.3,1.3223894208846225,2.8999999999999773,211.78000000000003
CPIAUCSL,Consumer Price Index,2016-01-01,2016,229.2,222.2,3.1503150315031503,7.0,217.52000000000004
CPIAUCSL,Consumer Price Index,2017-01-01,2017,232.7,229.2,1.5270506108202444,3.5,223.26000000000005
CPIAUCSL,Consumer Price Index,2018-01-01,2018,240.3,232.7,3.2660077352814882,7.600000000000023,228.74
CPIAUCSL,Consumer Price Index,2019-01-01,2019,249.1,240.3,3.662089055347475,8.799999999999983,234.69999999999996
CPIAUCSL,Consumer Price Index,2020-01-01,2020,257.5,249.1,3.372139702930552,8.400000000000006,241.76000000000005
CPIAUCSL,Consumer Price Index,2021-01-01,2021,275.3,257.5,6.912621359223306,17.80000000000001,250.98000000000002
CPIAUCSL,Consumer Price Index,2022-01-01,2022,291.3,275.3,5.811841627315655,16.0,262.7
CPIAUCSL,Consumer Price Index,2023-01-01,2023,310.7,291.3,6.659800892550627,19.399999999999977,276.78000000000003
CPIAUCSL,Consumer Price Index,2024-01-01,2024,338.0,310.7,8.786610878661092,27.30000000000001,294.56
DCOILWTICO,"Crude Oil Price (WTI, USD/barrel)",1970-01-01,1970,3.31,,,,3.31
DCOILWTICO,"Crude Oil Price (WTI, USD/barrel)",1971-01-01,1971,2.99,3.31,-9.667673716012079,-0.31999999999999984,3.1500000000000004
DCOILWTICO,"Crude Oil Price (WTI, USD/barrel)",1972-01-01,1972,2.55,2.99,-14.715719063545162,-0.4400000000000004,2.9500000000000006
DCOILWTICO,"Crude Oil Price (WTI, USD/barrel)",1973-01-01,1973,25.38,2.55,895.2941176470588,22.83,8.557500000000001
DCOILWTICO,"Crude Oil Price (WTI, USD/barrel)",1974-01-01,1974,21.61,25.38,-14.854215918045705,-3.7699999999999996,11.168000000000001
DCOILWTICO,"Crude Oil Price (WTI, USD/barrel)",1975-01-01,1975,29.88,21.61,38.26931975937066,8.27,16.482
DCOILWTICO,"Crude Oil Price (WTI, USD/barrel)",1976-01-01,1976,24.26,29.88,-18.80856760374832,-5.619999999999997,20.736
DCOILWTICO,"Crude Oil Price (WTI, USD/barrel)",1977-01-01,1977,20.87,24.26,-13.973619126133555,-3.3900000000000006,24.4
DCOILWTICO,"Crude Oil Price (WTI, USD/barrel)",1978-01-01,1978,23.39,20.87,12.074748442740773,2.5199999999999996,24.002000000000002
DCOILWTICO,"Crude Oil Price (WTI, USD/barrel)",1979-01-01,1979,27.06,23.39,15.690466011115852,3.669999999999998,25.092000000000002
DCOILWTICO,"Crude Oil Price (WTI, USD/barrel)",1980-01-01,1980,32.18,27.06,18.920916481892096,5.120000000000001,25.552000000000003
DCOILWTICO,"Crude Oil Price (WTI, USD/barrel)",1981-01-01,1981,30.89,32.18,-4.008701056556864,-1.2899999999999991,26.877999999999997
DCOILWTICO,"Crude Oil Price (WTI, USD/barrel)",1982-01-01,1982,36.22,30.89,17.25477500809323,5.329999999999998,29.948
DCOILWTICO,"Crude Oil Price (WTI, USD/barrel)",1983-01-01,1983,36.22,36.22,0.0,0.0,32.513999999999996
DCOILWTICO,"Crude Oil Price (WTI, USD/barrel)",1984-01-01,1984,32.47,36.22,-10.353395913859746,-3.75,33.596
DCOILWTICO,"Crude Oil Price (WTI, USD/barrel)",1985-01-01,1985,17.64,32.47,-45.67292885740684,-14.829999999999998,30.688
DCOILWTICO,"Crude Oil Price (WTI, USD/barrel)",1986-01-01,1986,21.16,17.64,19.954648526077097,3.5199999999999996,28.742
DCOILWTICO,"Crude Oil Price (WTI, USD/barrel)",1987-01-01,1987,12.76,21.16,-39.69754253308129,-8.4,24.05
DCOILWTICO,"Crude Oil Price (WTI, USD/barrel)",1988-01-01,1988,12.96,12.76,1.5673981191222657,0.20000000000000107,19.398000000000003
DCOILWTICO,"Crude Oil Price (WTI, USD/barrel)",1989-01-01,1989,16.41,12.96,26.62037037037036,3.4499999999999993,16.186
DCOILWTICO,"Crude Oil Price (WTI, USD/barrel)",1990-01-01,1990,18.93,16.41,15.35648994515539,2.5199999999999996,16.444
DCOILWTICO,"Crude Oil Price (WTI, USD/barrel)",1991-01-01,1991,21.55,18.93,13.840464870575811,2.620000000000001,16.522
DCOILWTICO,"Crude Oil Price (WTI, USD/barrel)",1992-01-01,1992,27.38,21.55,27.05336426914152,5.829999999999998,19.445999999999998
DCOILWTICO,"Crude Oil Price (WTI, USD/barrel)",1993-01-01,1993,24.29,27.38,-11.285609934258582,-3.09,21.712
DCOILWTICO,"Crude Oil Price (WTI, USD/barrel)",1994-01-01,1994,19.2,24.29,-20.955125566076575,-5.09,22.270000000000003
DCOILWTICO,"Crude Oil Price (WTI, USD/barrel)",1995-01-01,1995,19.9,19.2,3.64583333333333,0.6999999999999993,22.464
DCOILWTICO,"Crude Oil Price (WTI, USD/barrel)",1996-01-01,1996,14.99,19.9,-24.67336683417085,-4.909999999999998,21.152
DCOILWTICO,"Crude Oil Price (WTI, USD/barrel)",1997-01-01,1997,19.91,14.99,32.82188125416944,4.92,19.657999999999998
DCOILWTICO,"Crude Oil Price (WTI, USD/barrel)",1998-01-01,1998,18.56,19.91,-6.780512305374191,-1.3500000000000014,18.512
DCOILWTICO,"Crude Oil Price (WTI, USD/barrel)",1999-01-01,1999,21.61,18.56,16.43318965517242,3.0500000000000007,18.994
DCOILWTICO,"Crude Oil Price (WTI, USD/barrel)",2000-01-01,2000,37.59,21.61,73.94724664507176,15.980000000000004,22.532
DCOILWTICO,"Crude Oil Price (WTI, USD/barrel)",2001-01-01,2001,57.79,37.59,53.73769619579674,20.199999999999996,31.092000000000002
DCOILWTICO,"Crude Oil Price (WTI, USD/barrel)",2002-01-01,2002,72.99,57.79,26.30212839591624,15.199999999999996,41.708000000000006
DCOILWTICO,"Crude Oil Price (WTI, USD/barrel)",2003-01-01,2003,48.37,72.99,-33.73064803397725,-24.619999999999997,47.67
DCOILWTICO,"Crude Oil Price (WTI, USD/barrel)",2004-01-01,2004,56.03,48.37,15.836262145958246,7.660000000000004,54.553999999999995
DCOILWTICO,"Crude Oil Price (WTI, USD/barrel)",2005-01-01,2005,60.35,56.03,7.710155273960378,4.32,59.10600000000001
DCOILWTICO,"Crude Oil Price (WTI, USD/barrel)",2006-01-01,2006,43.98,60.35,-27.12510356255179,-16.370000000000005,56.343999999999994
DCOILWTICO,"Crude Oil Price (WTI, USD/barrel)",2007-01-01,2007,53.36,43.98,21.32787630741247,9.380000000000003,52.41799999999999
DCOILWTICO,"Crude Oil Price (WTI, USD/barrel)",2008-01-01,2008,100.25,53.36,87.87481259370315,46.89,62.794
DCOILWTICO,"Crude Oil Price (WTI, USD/barrel)",2009-01-01,2009,91.47,100.25,-8.758104738154614,-8.780000000000001,69.88199999999999
DCOILWTICO,"Crude Oil Price (WTI, USD/barrel)",2010-01-01,2010,78.4,91.47,-14.288837870339997,-13.069999999999993,73.492
DCOILWTICO,"Crude Oil Price (WTI, USD/barrel)",2011-01-01,2011,90.37,78.4,15.26785714285714,11.969999999999999,82.77000000000001
DCOILWTICO,"Crude Oil Price (WTI, USD/barrel)",2012-01-01,2012,97.47,90.37,7.856589576186781,7.099999999999994,91.59200000000001
DCOILWTICO,"Crude Oil Price (WTI, USD/barrel)",2013-01-01,2013,111.77,97.47,14.671180876167023,14.299999999999997,93.896
DCOILWTICO,"Crude Oil Price (WTI, USD/barrel)",2014-01-01,2014,64.59,111.77,-42.211684709671644,-47.17999999999999,88.52000000000001
DCOILWTICO,"Crude Oil Price (WTI, USD/barrel)",2015-01-01,2015,76.53,64.59,18.48583372039015,11.939999999999998,88.146
DCOILWTICO,"Crude Oil Price (WTI, USD/barrel)",2016-01-01,2016,47.33,76.53,-38.15497190644192,-29.200000000000003,79.538
DCOILWTICO,"Crude Oil Price (WTI, USD/barrel)",2017-01-01,2017,63.72,47.33,34.629199239383055,16.39,72.78800000000001
DCOILWTICO,"Crude Oil Price (WTI, USD/barrel)",2018-01-01,2018,56.83,63.72,-10.812931575643441,-6.890000000000001,61.8
DCOILWTICO,"Crude Oil Price (WTI, USD/barrel)",2019-01-01,2019,76.9,56.83,35.315854302305134,20.070000000000007,64.26199999999999
DCOILWTICO,"Crude Oil Price (WTI, USD/barrel)",2020-01-01,2020,57.88,76.9,-24.733420026007806,-19.020000000000003,60.532000000000004
DCOILWTICO,"Crude Oil Price (WTI, USD/barrel)",2021-01-01,2021,57.4,57.88,-0.8293020041465168,-0.480000000000004,62.54599999999999
DCOILWTICO,"Crude Oil Price (WTI, USD/barrel)",2022-01-01,2022,61.01,57.4,6.289198606271776,3.6099999999999994,62.004000000000005
DCOILWTICO,"Crude Oil Price (WTI, USD/barrel)",2023-01-01,2023,38.14,61.01,-37.485658088837894,-22.869999999999997,58.266
DCOILWTICO,"Crude Oil Price (WTI, USD/barrel)",2024-01-01,2024,62.11,38.14,62.84740429994756,23.97,55.30800000000001
DGS10,10-Year Treasury Rate (%),1970-01-01,1970,5.39,,,,5.39
DGS10,10-Year Treasury Rate (%),1971-01-01,1971,6.53,5.39,21.150278293135447,1.1400000000000006,5.96
DGS10,10-Year Treasury Rate (%),1972-01-01,1972,8.09,6.53,23.88973966309341,1.5599999999999996,6.669999999999999
DGS10,10-Year Treasury Rate (%),1973-01-01,1973,7.06,8.09,-12.731767614338693,-1.0300000000000002,6.767499999999999
DGS10,10-Year Treasury Rate (%),1974-01-01,1974,5.92,7.06,-16.147308781869686,-1.1399999999999997,6.597999999999999
DGS10,10-Year Treasury Rate (%),1975-01-01,1975,6.28,5.92,6.081081081081086,0.3600000000000003,6.776000000000001
DGS10,10-Year Treasury Rate (%),1976-01-01,1976,7.68,6.28,22.29299363057324,1.3999999999999995,7.006
DGS10,10-Year Treasury Rate (%),1977-01-01,1977,6.27,7.68,-18.359375000000004,-1.4100000000000001,6.642
DGS10,10-Year Treasury Rate (%),1978-01-01,1978,7.22,6.27,15.151515151515154,0.9500000000000002,6.6739999999999995
DGS10,10-Year Treasury Rate (%),1979-01-01,1979,7.05,7.22,-2.3545706371191124,-0.16999999999999993,6.9
DGS10,10-Year Treasury Rate (%),1980-01-01,1980,10.7,7.05,51.77304964539007,3.6499999999999995,7.784000000000001
DGS10,10-Year Treasury Rate (%),1981-01-01,1981,16.29,10.7,52.24299065420561,5.59,9.506
DGS10,10-Year Treasury Rate (%),1982-01-01,1982,13.27,16.29,-18.538980969920193,-3.0199999999999996,10.906
DGS10,10-Year Treasury Rate (%),1983-01-01,1983,7.95,13.27,-40.0904295403165,-5.319999999999999,11.052000000000001
DGS10,10-Year Treasury Rate (%),1984-01-01,1984,12.37,7.95,55.597484276729546,4.419999999999999,12.116
DGS10,10-Year Treasury Rate (%),1985-01-01,1985,6.34,12.37,-48.74696847210994,-6.029999999999999,11.244
DGS10,10-Year Treasury Rate (%),1986-01-01,1986,7.85,6.34,23.817034700315453,1.5099999999999998,9.556
DGS10,10-Year Treasury Rate (%),1987-01-01,1987,6.21,7.85,-20.89171974522293,-1.6399999999999997,8.144
DGS10,10-Year Treasury Rate (%),1988-01-01,1988,6.89,6.21,10.950080515297902,0.6799999999999997,7.932
DGS10,10-Year Treasury Rate (%),1989-01-01,1989,7.5,6.89,8.853410740203199,0.6100000000000003,6.958
DGS10,10-Year Treasury Rate (%),1990-01-01,1990,7.87,7.5,4.9333333333333345,0.3700000000000001,7.264
DGS10,10-Year Treasury Rate (%),1991-01-01,1991,5.8,7.87,-26.30241423125794,-2.0700000000000003,6.854000000000001
DGS10,10-Year Treasury Rate (%),1992-01-01,1992,6.67,5.8,15.000000000000002,0.8700000000000001,6.946000000000001
DGS10,10-Year Treasury Rate (%),1993-01-01,1993,6.53,6.67,-2.0989505247376266,-0.13999999999999968,6.8740000000000006
DGS10,10-Year Treasury Rate (%),1994-01-01,1994,6.35,6.53,-2.756508422664634,-0.1800000000000006,6.644
DGS10,10-Year Treasury Rate (%),1995-01-01,1995,8.77,6.35,38.110236220472444,2.42,6.824000000000001
DGS10,10-Year Treasury Rate (%),1996-01-01,1996,7.4,8.77,-15.62143671607753,-1.3699999999999992,7.144
DGS10,10-Year Treasury Rate (%),1997-01-01,1997,5.74,7.4,-22.432432432432435,-1.6600000000000001,6.958
DGS10,10-Year Treasury Rate (%),1998-01-01,1998,7.92,5.74,37.979094076655045,2.1799999999999997,7.236
DGS10,10-Year Treasury Rate (%),1999-01-01,1999,9.12,7.92,15.151515151515143,1.1999999999999993,7.790000000000001
DGS10,10-Year Treasury Rate (%),2000-01-01,2000,4.03,9.12,-55.81140350877193,-5.089999999999999,6.8420000000000005
DGS10,10-Year Treasury Rate (%),2001-01-01,2001,1.48,4.03,-63.27543424317618,-2.5500000000000003,5.658
DGS10,10-Year Treasury Rate (%),2002-01-01,2002,2.52,1.48,70.27027027027027,1.04,5.014
DGS10,10-Year Treasury Rate (%),2003-01-01,2003,4.27,2.52,69.44444444444443,1.7499999999999996,4.284
DGS10,10-Year Treasury Rate (%),2004-01-01,2004,2.29,4.27,-46.37002341920374,-1.9799999999999995,2.918
DGS10,10-Year Treasury Rate (%),2005-01-01,2005,3.44,2.29,50.21834061135371,1.15,2.8
DGS10,10-Year Treasury Rate (%),2006-01-01,2006,3.77,3.44,9.593023255813955,0.33000000000000007,3.258
DGS10,10-Year Treasury Rate (%),2007-01-01,2007,2.07,3.77,-45.09283819628648,-1.7000000000000002,3.168
DGS10,10-Year Treasury Rate (%),2008-01-01,2008,2.94,2.07,42.02898550724639,0.8700000000000001,2.902
DGS10,10-Year Treasury Rate (%),2009-01-01,2009,0.5,2.94,-82.99319727891157,-2.44,2.5439999999999996
DGS10,10-Year Treasury Rate (%),2010-01-01,2010,1.98,0.5,296.0,1.48,2.252
DGS10,10-Year Treasury Rate (%),2011-01-01,2011,2.75,1.98,38.88888888888889,0.77,2.048
DGS10,10-Year Treasury Rate (%),2012-01-01,2012,1.75,2.75,-36.36363636363637,-1.0,1.984
DGS10,10-Year Treasury Rate (%),2013-01-01,2013,4.63,1.75,164.57142857142856,2.88,2.322
DGS10,10-Year Treasury Rate (%),2014-01-01,2014,1.57,4.63,-66.09071274298056,-3.0599999999999996,2.536
DGS10,10-Year Treasury Rate (%),2015-01-01,2015,2.56,1.57,63.05732484076433,0.99,2.652
DGS10,10-Year Treasury Rate (%),2016-01-01,2016,3.13,2.56,22.265624999999993,0.5699999999999998,2.728
DGS10,10-Year Treasury Rate (%),2017-01-01,2017,4.44,3.13,41.853035143769986,1.3100000000000005,3.2660000000000005
DGS10,10-Year Treasury Rate (%),2018-01-01,2018,1.56,4.44,-64.86486486486487,-2.8800000000000003,2.652
DGS10,10-Year Treasury Rate (%),2019-01-01,2019,4.16,1.56,166.66666666666669,2.6,3.17
DGS10,10-Year Treasury Rate (%),2020-01-01,2020,2.51,4.16,-39.66346153846155,-1.6500000000000004,3.16
DGS10,10-Year Treasury Rate (%),2021-01-01,2021,1.71,2.51,-31.872509960159356,-0.7999999999999998,2.876
DGS10,10-Year Treasury Rate (%),2022-01-01,2022,2.87,1.71,67.83625730994153,1.1600000000000001,2.5620000000000003
DGS10,10-Year Treasury Rate (%),2023-01-01,2023,2.66,2.87,-7.317073170731706,-0.20999999999999996,2.782
DGS10,10-Year Treasury Rate (%),2024-01-01,2024,2.02,2.66,-24.060150375939855,-0.6400000000000001,2.354
FEDFUNDS,Federal Funds Rate (%),1970-01-01,1970,5.51,,,,5.51
FEDFUNDS,Federal Funds Rate (%),1971-01-01,1971,4.49,5.51,-18.511796733212336,-1.0199999999999996,5.0
FEDFUNDS,Federal Funds Rate (%),1972-01-01,1972,4.22,4.49,-6.013363028953239,-0.27000000000000046,4.739999999999999
FEDFUNDS,Federal Funds Rate (%),1973-01-01,1973,4.37,4.22,3.5545023696682554,0.15000000000000036,4.6475
FEDFUNDS,Federal Funds Rate (%),1974-01-01,1974,5.85,4.37,33.867276887871846,1.4799999999999995,4.888
FEDFUNDS,Federal Funds Rate (%),1975-01-01,1975,6.68,5.85,14.188034188034191,0.8300000000000001,5.122
FEDFUNDS,Federal Funds Rate (%),1976-01-01,1976,6.55,6.68,-1.946107784431136,-0.1299999999999999,5.534
FEDFUNDS,Federal Funds Rate (%),1977-01-01,1977,7.65,6.55,16.793893129771,1.1000000000000005,6.220000000000001
FEDFUNDS,Federal Funds Rate (%),1978-01-01,1978,6.03,7.65,-21.176470588235293,-1.62,6.552
FEDFUNDS,Federal Funds Rate (%),1979-01-01,1979,8.91,6.03,47.76119402985074,2.88,7.1640000000000015
FEDFUNDS,Federal Funds Rate (%),1980-01-01,1980,11.21,8.91,25.81369248035916,2.3000000000000007,8.07
FEDFUNDS,Federal Funds Rate (%),1981-01-01,1981,20.16,11.21,79.8394290811775,8.95,10.791999999999998
FEDFUNDS,Federal Funds Rate (%),1982-01-01,1982,13.88,20.16,-31.150793650793645,-6.279999999999999,12.038
FEDFUNDS,Federal Funds Rate (%),1983-01-01,1983,9.43,13.88,-32.06051873198848,-4.450000000000001,12.718
FEDFUNDS,Federal Funds Rate (%),1984-01-01,1984,8.79,9.43,-6.7868504772004306,-0.6400000000000006,12.693999999999999
FEDFUNDS,Federal Funds Rate (%),1985-01-01,1985,5.72,8.79,-34.926052332195674,-3.0699999999999994,11.596
FEDFUNDS,Federal Funds Rate (%),1986-01-01,1986,4.66,5.72,-18.531468531468526,-1.0599999999999996,8.496
FEDFUNDS,Federal Funds Rate (%),1987-01-01,1987,6.07,4.66,30.257510729613735,1.4100000000000001,6.934
FEDFUNDS,Federal Funds Rate (%),1988-01-01,1988,5.71,6.07,-5.93080724876442,-0.3600000000000003,6.1899999999999995
FEDFUNDS,Federal Funds Rate (%),1989-01-01,1989,4.89,5.71,-14.360770577933454,-0.8200000000000003,5.41
FEDFUNDS,Federal Funds Rate (%),1990-01-01,1990,3.73,4.89,-23.72188139059304,-1.1599999999999997,5.0120000000000005
FEDFUNDS,Federal Funds Rate (%),1991-01-01,1991,2.73,3.73,-26.80965147453083,-1.0,4.626
FEDFUNDS,Federal Funds Rate (%),1992-01-01,1992,4.33,2.73,58.60805860805861,1.6,4.2780000000000005
FEDFUNDS,Federal Funds Rate (%),1993-01-01,1993,6.28,4.33,45.03464203233257,1.9500000000000002,4.392
FEDFUNDS,Federal Funds Rate (%),1994-01-01,1994,5.32,6.28,-15.286624203821656,-0.96,4.478
FEDFUNDS,Federal Funds Rate (%),1995-01-01,1995,3.13,5.32,-41.165413533834595,-2.1900000000000004,4.358
FEDFUNDS,Federal Funds Rate (%),1996-01-01,1996,5.26,3.13,68.05111821086261,2.13,4.864
FEDFUNDS,Federal Funds Rate (%),1997-01-01,1997,5.58,5.26,6.083650190114074,0.3200000000000003,5.114
FEDFUNDS,Federal Funds Rate (%),1998-01-01,1998,3.67,5.58,-34.229390681003586,-1.9100000000000001,4.5920000000000005
FEDFUNDS,Federal Funds Rate (%),1999-01-01,1999,5.23,3.67,42.50681198910083,1.5600000000000005,4.574
FEDFUNDS,Federal Funds Rate (%),2000-01-01,2000,3.06,5.23,-41.491395793499045,-2.1700000000000004,4.5600000000000005
FEDFUNDS,Federal Funds Rate (%),2001-01-01,2001,1.86,3.06,-39.21568627450981,-1.2,3.88
FEDFUNDS,Federal Funds Rate (%),2002-01-01,2002,3.36,1.86,80.64516129032256,1.4999999999999998,3.436
FEDFUNDS,Federal Funds Rate (%),2003-01-01,2003,3.56,3.36,5.952380952380958,0.20000000000000018,3.414
FEDFUNDS,Federal Funds Rate (%),2004-01-01,2004,4.08,3.56,14.606741573033707,0.52,3.184
FEDFUNDS,Federal Funds Rate (%),2005-01-01,2005,4.05,4.08,-0.7352941176470649,-0.03000000000000025,3.382
FEDFUNDS,Federal Funds Rate (%),2006-01-01,2006,1.62,4.05,-60.0,-2.4299999999999997,3.3340000000000005
FEDFUNDS,Federal Funds Rate (%),2007-01-01,2007,2.06,1.62,27.160493827160487,0.43999999999999995,3.0740000000000007
FEDFUNDS,Federal Funds Rate (%),2008-01-01,2008,0.3,2.06,-85.43689320388349,-1.76,2.422
FEDFUNDS,Federal Funds Rate (%),2009-01-01,2009,0.3,0.3,0.0,0.0,1.6660000000000004
FEDFUNDS,Federal Funds Rate (%),2010-01-01,2010,0.3,0.3,0.0,0.0,0.916
FEDFUNDS,Federal Funds Rate (%),2011-01-01,2011,0.64,0.3,113.33333333333336,0.34,0.72
FEDFUNDS,Federal Funds Rate (%),2012-01-01,2012,0.31,0.64,-51.5625,-0.33,0.37
FEDFUNDS,Federal Funds Rate (%),2013-01-01,2013,0.36,0.31,16.129032258064512,0.04999999999999999,0.382
FEDFUNDS,Federal Funds Rate (%),2014-01-01,2014,0.35,0.36,-2.7777777777777803,-0.010000000000000009,0.392
FEDFUNDS,Federal Funds Rate (%),2015-01-01,2015,0.32,0.35,-8.571428571428562,-0.02999999999999997,0.396
FEDFUNDS,Federal Funds Rate (%),2016-01-01,2016,1.84,0.32,475.0,1.52,0.636
FEDFUNDS,Federal Funds Rate (%),2017-01-01,2017,2.38,1.84,29.34782608695651,0.5399999999999998,1.05
FEDFUNDS,Federal Funds Rate (%),2018-01-01,2018,1.61,2.38,-32.35294117647058,-0.7699999999999998,1.3
FEDFUNDS,Federal Funds Rate (%),2019-01-01,2019,1.88,1.61,16.770186335403714,0.2699999999999998,1.6060000000000003
FEDFUNDS,Federal Funds Rate (%),2020-01-01,2020,2.51,1.88,33.51063829787233,0.6299999999999999,2.0439999999999996
FEDFUNDS,Federal Funds Rate (%),2021-01-01,2021,3.08,2.51,22.709163346613558,0.5700000000000003,2.292
FEDFUNDS,Federal Funds Rate (%),2022-01-01,2022,5.31,3.08,72.4025974025974,2.2299999999999995,2.878
FEDFUNDS,Federal Funds Rate (%),2023-01-01,2023,1.13,5.31,-78.71939736346516,-4.18,2.782
FEDFUNDS,Federal Funds Rate (%),2024-01-01,2024,3.69,1.13,226.54867256637172,2.56,3.1439999999999992
GDP,Gross Domestic Product (Trillions USD),1970-01-01,1970,1.04,,,,1.04
GDP,Gross Domestic Product (Trillions USD),1971-01-01,1971,1.07,1.04,2.8846153846153872,0.030000000000000027,1.0550000000000002
GDP,Gross Domestic Product (Trillions USD),1972-01-01,1972,1.11,1.07,3.738317757009349,0.040000000000000036,1.0733333333333335
GDP,Gross Domestic Product (Trillions USD),1973-01-01,1973,1.18,1.11,6.306306306306292,0.06999999999999984,1.1
GDP,Gross Domestic Product (Trillions USD),1974-01-01,1974,1.21,1.18,2.5423728813559343,0.030000000000000027,1.122
GDP,Gross Domestic Product (Trillions USD),1975-01-01,1975,1.24,1.21,2.4793388429752086,0.030000000000000027,1.1620000000000001
GDP,Gross Domestic Product (Trillions USD),1976-01-01,1976,1.32,1.24,6.451612903225811,0.08000000000000007,1.2120000000000002
GDP,Gross Domestic Product (Trillions USD),1977-01-01,1977,1.38,1.32,4.5454545454545325,0.05999999999999983,1.266
GDP,Gross Domestic Product (Trillions USD),1978-01-01,1978,1.41,1.38,2.173913043478263,0.030000000000000027,1.312
GDP,Gross Domestic Product (Trillions USD),1979-01-01,1979,1.46,1.41,3.5460992907801447,0.050000000000000044,1.3619999999999999
GDP,Gross Domestic Product (Trillions USD),1980-01-01,1980,1.49,1.46,2.054794520547947,0.030000000000000027,1.4120000000000001
GDP,Gross Domestic Product (Trillions USD),1981-01-01,1981,1.53,1.49,2.684563758389264,0.040000000000000036,1.4540000000000002
GDP,Gross Domestic Product (Trillions USD),1982-01-01,1982,1.58,1.53,3.2679738562091534,0.050000000000000044,1.4940000000000002
GDP,Gross Domestic Product (Trillions USD),1983-01-01,1983,1.57,1.58,-0.6329113924050638,-0.010000000000000009,1.5260000000000002
GDP,Gross Domestic Product (Trillions USD),1984-01-01,1984,1.56,1.57,-0.6369426751592362,-0.010000000000000009,1.546
GDP,Gross Domestic Product (Trillions USD),1985-01-01,1985,1.59,1.56,1.9230769230769247,0.030000000000000027,1.566
GDP,Gross Domestic Product (Trillions USD),1986-01-01,1986,1.6,1.59,0.6289308176100634,0.010000000000000009,1.58
GDP,Gross Domestic Product (Trillions USD),1987-01-01,1987,1.66,1.6,3.7499999999999893,0.05999999999999983,1.596
GDP,Gross Domestic Product (Trillions USD),1988-01-01,1988,1.68,1.66,1.204819277108435,0.020000000000000018,1.6179999999999999
GDP,Gross Domestic Product (Trillions USD),1989-01-01,1989,1.68,1.68,0.0,0.0,1.6420000000000001
GDP,Gross Domestic Product (Trillions USD),1990-01-01,1990,1.78,1.68,5.952380952380958,0.10000000000000009,1.6799999999999997
GDP,Gross Domestic Product (Trillions USD),1991-01-01,1991,1.83,1.78,2.8089887640449462,0.050000000000000044,1.7259999999999998
GDP,Gross Domestic Product (Trillions USD),1992-01-01,1992,1.89,1.83,3.2786885245901543,0.05999999999999983,1.7719999999999998
GDP,Gross Domestic Product (Trillions USD),1993-01-01,1993,1.89,1.89,0.0,0.0,1.814
GDP,Gross Domestic Product (Trillions USD),1994-01-01,1994,1.93,1.89,2.1164021164021185,0.040000000000000036,1.864
GDP,Gross Domestic Product (Trillions USD),1995-01-01,1995,1.99,1.93,3.108808290155443,0.06000000000000005,1.906
GDP,Gross Domestic Product (Trillions USD),1996-01-01,1996,2.0,1.99,0.5025125628140708,0.010000000000000009,1.94
GDP,Gross Domestic Product (Trillions USD),1997-01-01,1997,2.08,2.0,4.0000000000000036,0.08000000000000007,1.9780000000000002
GDP,Gross Domestic Product (Trillions USD),1998-01-01,1998,2.11,2.08,1.4423076923076827,0.029999999999999805,2.022
GDP,Gross Domestic Product (Trillions USD),1999-01-01,1999,2.17,2.11,2.8436018957346,0.06000000000000005,2.07
GDP,Gross Domestic Product (Trillions USD),2000-01-01,2000,2.2,2.17,1.3824884792626844,0.03000000000000025,2.1119999999999997
GDP,Gross Domestic Product (Trillions USD),2001-01-01,2001,2.35,2.2,6.818181818181814,0.1499999999999999,2.1819999999999995
GDP,Gross Domestic Product (Trillions USD),2002-01-01,2002,2.42,2.35,2.9787234042553123,0.06999999999999984,2.25
GDP,Gross Domestic Product (Trillions USD),2003-01-01,2003,2.44,2.42,0.8264462809917362,0.020000000000000018,2.316
GDP,Gross Domestic Product (Trillions USD),2004-01-01,2004,2.56,2.44,4.9180327868852505,0.1200000000000001,2.394
GDP,Gross Domestic Product (Trillions USD),2005-01-01,2005,2.57,2.56,0.3906249999999917,0.009999999999999787,2.468
GDP,Gross Domestic Product (Trillions USD),2006-01-01,2006,2.66,2.57,3.5019455252918408,0.0900000000000003,2.5300000000000002
GDP,Gross Domestic Product (Trillions USD),2007-01-01,2007,2.63,2.66,-1.1278195488721898,-0.03000000000000025,2.572
GDP,Gross Domestic Product (Trillions USD),2008-01-01,2008,2.56,2.63,-2.661596958174899,-0.06999999999999984,2.596
GDP,Gross Domestic Product (Trillions USD),2009-01-01,2009,2.49,2.56,-2.734374999999994,-0.06999999999999984,2.582
GDP,Gross Domestic Product (Trillions USD),2010-01-01,2010,2.56,2.49,2.811244979919672,0.06999999999999984,2.58
GDP,Gross Domestic Product (Trillions USD),2011-01-01,2011,2.62,2.56,2.343750000000002,0.06000000000000005,2.572
GDP,Gross Domestic Product (Trillions USD),2012-01-01,2012,2.62,2.62,0.0,0.0,2.5700000000000003
GDP,Gross Domestic Product (Trillions USD),2013-01-01,2013,2.66,2.62,1.5267175572519098,0.040000000000000036,2.5900000000000003
GDP,Gross Domestic Product (Trillions USD),2014-01-01,2014,2.72,2.66,2.2556390977443628,0.06000000000000005,2.636
GDP,Gross Domestic Product (Trillions USD),2015-01-01,2015,2.85,2.72,4.779411764705878,0.1299999999999999,2.694
GDP,Gross Domestic Product (Trillions USD),2016-01-01,2016,2.96,2.85,3.8596491228070127,0.10999999999999988,2.7619999999999996
GDP,Gross Domestic Product (Trillions USD),2017-01-01,2017,2.94,2.96,-0.6756756756756763,-0.020000000000000018,2.826
GDP,Gross Domestic Product (Trillions USD),2018-01-01,2018,3.05,2.94,3.7414965986394515,0.10999999999999988,2.904
GDP,Gross Domestic Product (Trillions USD),2019-01-01,2019,3.12,3.05,2.2950819672131244,0.07000000000000028,2.9840000000000004
GDP,Gross Domestic Product (Trillions USD),2020-01-01,2020,3.05,3.12,-2.2435897435897525,-0.07000000000000028,3.024
GDP,Gross Domestic Product (Trillions USD),2021-01-01,2021,3.2,3.05,4.918032786885258,0.15000000000000036,3.072
GDP,Gross Domestic Product (Trillions USD),2022-01-01,2022,3.35,3.2,4.687499999999997,0.1499999999999999,3.1539999999999995
GDP,Gross Domestic Product (Trillions USD),2023-01-01,2023,3.4,3.35,1.4925373134328304,0.04999999999999982,3.224
GDP,Gross Domestic Product (Trillions USD),2024-01-01,2024,3.48,3.4,2.35294117647059,0.08000000000000007,3.2960000000000003
GOLDAMGBD228NLBM,Gold Price (USD/oz),1970-01-01,1970,35.0,,,,35.0
GOLDAMGBD228NLBM,Gold Price (USD/oz),1971-01-01,1971,41.09,35.0,17.40000000000001,6.090000000000003,38.045
GOLDAMGBD228NLBM,Gold Price (USD/oz),1972-01-01,1972,51.98,41.09,26.502798734485257,10.889999999999993,42.69
GOLDAMGBD228NLBM,Gold Price (USD/oz),1973-01-01,1973,66.76,51.98,28.434013081954618,14.780000000000008,48.707499999999996
GOLDAMGBD228NLBM,Gold Price (USD/oz),1974-01-01,1974,95.97,66.76,43.75374475733971,29.209999999999994,58.15999999999999
GOLDAMGBD228NLBM,Gold Price (USD/oz),1975-01-01,1975,129.09,95.97,34.51078462019382,33.120000000000005,76.978
GOLDAMGBD228NLBM,Gold Price (USD/oz),1976-01-01,1976,153.91,129.09,19.22689596405608,24.819999999999993,99.542
GOLDAMGBD228NLBM,Gold Price (USD/oz),1977-01-01,1977,178.56,153.91,16.015853420830357,24.650000000000006,124.85799999999999
GOLDAMGBD228NLBM,Gold Price (USD/oz),1978-01-01,1978,231.98,178.56,29.917114695340498,53.41999999999999,157.902
GOLDAMGBD228NLBM,Gold Price (USD/oz),1979-01-01,1979,259.35,231.98,11.798430899215465,27.370000000000033,190.578
GOLDAMGBD228NLBM,Gold Price (USD/oz),1980-01-01,1980,441.57,259.35,70.26026604973971,182.21999999999997,253.074
GOLDAMGBD228NLBM,Gold Price (USD/oz),1981-01-01,1981,408.97,441.57,-7.382747922186734,-32.599999999999966,304.086
GOLDAMGBD228NLBM,Gold Price (USD/oz),1982-01-01,1982,326.54,408.97,-20.15551262928821,-82.43,333.682
GOLDAMGBD228NLBM,Gold Price (USD/oz),1983-01-01,1983,264.34,326.54,-19.048202364182043,-62.200000000000045,340.154
GOLDAMGBD228NLBM,Gold Price (USD/oz),1984-01-01,1984,417.69,264.34,58.01240826208672,153.35000000000002,371.822
GOLDAMGBD228NLBM,Gold Price (USD/oz),1985-01-01,1985,344.27,417.69,-17.57762934233523,-73.42000000000002,352.36199999999997
GOLDAMGBD228NLBM,Gold Price (USD/oz),1986-01-01,1986,411.89,344.27,19.64156040317193,67.62,352.946
GOLDAMGBD228NLBM,Gold Price (USD/oz),1987-01-01,1987,270.28,411.89,-34.38053849328705,-141.61,341.694
GOLDAMGBD228NLBM,Gold Price (USD/oz),1988-01-01,1988,320.03,270.28,18.406837353855263,49.75,352.832
GOLDAMGBD228NLBM,Gold Price (USD/oz),1989-01-01,1989,350.26,320.03,9.445989438490148,30.230000000000018,339.346
GOLDAMGBD228NLBM,Gold Price (USD/oz),1990-01-01,1990,352.35,350.26,0.5966995945868875,2.090000000000032,340.962
GOLDAMGBD228NLBM,Gold Price (USD/oz),1991-01-01,1991,327.5,352.35,-7.052646516248055,-24.850000000000023,324.084
GOLDAMGBD228NLBM,Gold Price (USD/oz),1992-01-01,1992,381.14,327.5,16.37862595419847,53.639999999999986,346.256
GOLDAMGBD228NLBM,Gold Price (USD/oz),1993-01-01,1993,296.62,381.14,-22.175578527575166,-84.51999999999998,341.57399999999996
GOLDAMGBD228NLBM,Gold Price (USD/oz),1994-01-01,1994,342.88,296.62,15.59571168498415,46.25999999999999,340.09800000000007
GOLDAMGBD228NLBM,Gold Price (USD/oz),1995-01-01,1995,356.01,342.88,3.8293280447970126,13.129999999999995,340.83
GOLDAMGBD228NLBM,Gold Price (USD/oz),1996-01-01,1996,375.72,356.01,5.536361338164668,19.710000000000036,350.47400000000005
GOLDAMGBD228NLBM,Gold Price (USD/oz),1997-01-01,1997,385.58,375.72,2.624294687533258,9.859999999999957,351.36199999999997
GOLDAMGBD228NLBM,Gold Price (USD/oz),1998-01-01,1998,293.77,385.58,-23.81088230717361,-91.81,350.79200000000003
GOLDAMGBD228NLBM,Gold Price (USD/oz),1999-01-01,1999,273.29,293.77,-6.971440242366464,-20.47999999999996,336.87399999999997
GOLDAMGBD228NLBM,Gold Price (USD/oz),2000-01-01,2000,331.75,273.29,21.391196165245702,58.45999999999998,332.022
GOLDAMGBD228NLBM,Gold Price (USD/oz),2001-01-01,2001,387.02,331.75,16.66013564431047,55.26999999999998,334.282
GOLDAMGBD228NLBM,Gold Price (USD/oz),2002-01-01,2002,430.59,387.02,11.257816133533149,43.56999999999999,343.284
GOLDAMGBD228NLBM,Gold Price (USD/oz),2003-01-01,2003,528.58,430.59,22.757147170161886,97.99000000000007,390.246
GOLDAMGBD228NLBM,Gold Price (USD/oz),2004-01-01,2004,610.92,528.58,15.577585228347631,82.33999999999992,457.77200000000005
GOLDAMGBD228NLBM,Gold Price (USD/oz),2005-01-01,2005,738.58,610.92,20.896353041314754,127.66000000000008,539.138
GOLDAMGBD228NLBM,Gold Price (USD/oz),2006-01-01,2006,851.86,738.58,15.33753960302201,113.27999999999997,632.106
GOLDAMGBD228NLBM,Gold Price (USD/oz),2007-01-01,2007,1067.41,851.86,25.303453619139304,215.55000000000007,759.47
GOLDAMGBD228NLBM,Gold Price (USD/oz),2008-01-01,2008,1321.21,1067.41,23.777180277494114,253.79999999999995,917.9960000000001
GOLDAMGBD228NLBM,Gold Price (USD/oz),2009-01-01,2009,1502.94,1321.21,13.754815661401294,181.73000000000002,1096.4
GOLDAMGBD228NLBM,Gold Price (USD/oz),2010-01-01,2010,1801.39,1502.94,19.85774548551506,298.45000000000005,1308.962
GOLDAMGBD228NLBM,Gold Price (USD/oz),2011-01-01,2011,1629.08,1801.39,-9.565391170151948,-172.31000000000017,1464.406
GOLDAMGBD228NLBM,Gold Price (USD/oz),2012-01-01,2012,1773.73,1629.08,8.879244727085233,144.6500000000001,1605.67
GOLDAMGBD228NLBM,Gold Price (USD/oz),2013-01-01,2013,1307.02,1773.73,-26.31234742604568,-466.71000000000004,1602.8319999999999
GOLDAMGBD228NLBM,Gold Price (USD/oz),2014-01-01,2014,1637.21,1307.02,25.262811586662792,330.19000000000005,1629.6860000000001
GOLDAMGBD228NLBM,Gold Price (USD/oz),2015-01-01,2015,1711.68,1637.21,4.548591811679628,74.47000000000003,1611.7440000000001
GOLDAMGBD228NLBM,Gold Price (USD/oz),2016-01-01,2016,1148.25,1711.68,-32.916783510936625,-563.4300000000001,1515.578
GOLDAMGBD228NLBM,Gold Price (USD/oz),2017-01-01,2017,1263.35,1148.25,10.023949488351832,115.09999999999991,1413.502
GOLDAMGBD228NLBM,Gold Price (USD/oz),2018-01-01,2018,1092.15,1263.35,-13.5512724106542,-171.19999999999982,1370.5279999999998
GOLDAMGBD228NLBM,Gold Price (USD/oz),2019-01-01,2019,1446.12,1092.15,32.410383189122356,353.9699999999998,1332.31
GOLDAMGBD228NLBM,Gold Price (USD/oz),2020-01-01,2020,1643.51,1446.12,13.64962797001633,197.3900000000001,1318.676
GOLDAMGBD228NLBM,Gold Price (USD/oz),2021-01-01,2021,1800.47,1643.51,9.550291753624867,156.96000000000004,1449.1200000000001
GOLDAMGBD228NLBM,Gold Price (USD/oz),2022-01-01,2022,1514.82,1800.47,-15.865301837853455,-285.6500000000001,1499.414
GOLDAMGBD228NLBM,Gold Price (USD/oz),2023-01-01,2023,1825.72,1514.82,20.523890627269253,310.9000000000001,1646.128
GOLDAMGBD228NLBM,Gold Price (USD/oz),2024-01-01,2024,1223.98,1825.72,-32.95905177135596,-601.74,1601.7
SP500,S&P 500 Index,1970-01-01,1970,100.0,,,,100.0
SP500,S&P 500 Index,1971-01-01,1971,106.0,100.0,6.0,6.0,103.0
SP500,S&P 500 Index,1972-01-01,1972,118.0,106.0,11.320754716981133,12.0,108.0
SP500,S&P 500 Index,1973-01-01,1973,136.0,118.0,15.254237288135593,18.0,115.0
SP500,S&P 500 Index,1974-01-01,1974,167.0,136.0,22.794117647058822,31.0,125.4
SP500,S&P 500 Index,1975-01-01,1975,167.0,167.0,0.0,0.0,138.8
SP500,S&P 500 Index,1976-01-01,1976,212.0,167.0,26.94610778443114,45.0,160.0
SP500,S&P 500 Index,1977-01-01,1977,200.0,212.0,-5.660377358490567,-12.0,176.4
SP500,S&P 500 Index,1978-01-01,1978,218.0,200.0,9.0,18.0,192.8
SP500,S&P 500 Index,1979-01-01,1979,250.0,218.0,14.678899082568808,32.0,209.4
SP500,S&P 500 Index,1980-01-01,1980,281.0,250.0,12.4,31.0,232.2
SP500,S&P 500 Index,1981-01-01,1981,295.0,281.0,4.98220640569395,14.0,248.8
SP500,S&P 500 Index,1982-01-01,1982,319.0,295.0,8.135593220338983,24.0,272.6
SP500,S&P 500 Index,1983-01-01,1983,339.0,319.0,6.269592476489027,20.0,296.8
SP500,S&P 500 Index,1984-01-01,1984,357.0,339.0,5.3097345132743365,18.0,318.2
SP500,S&P 500 Index,1985-01-01,1985,416.0,357.0,16.5266106442577,59.0,345.2
SP500,S&P 500 Index,1986-01-01,1986,470.0,416.0,12.980769230769232,54.0,380.2
SP500,S&P 500 Index,1987-01-01,1987,376.0,470.0,-20.0,-94.0,391.6
SP500,S&P 500 Index,1988-01-01,1988,393.0,376.0,4.521276595744681,17.0,402.4
SP500,S&P 500 Index,1989-01-01,1989,460.0,393.0,17.048346055979643,67.0,423.0
SP500,S&P 500 Index,1990-01-01,1990,518.0,460.0,12.608695652173912,58.0,443.4
SP500,S&P 500 Index,1991-01-01,1991,603.0,518.0,16.409266409266408,85.0,470.0
SP500,S&P 500 Index,1992-01-01,1992,694.0,603.0,15.091210613598674,91.0,533.6
SP500,S&P 500 Index,1993-01-01,1993,717.0,694.0,3.314121037463977,23.0,598.4
SP500,S&P 500 Index,1994-01-01,1994,757.0,717.0,5.578800557880056,40.0,657.8
SP500,S&P 500 Index,1995-01-01,1995,877.0,757.0,15.852047556142669,120.0,729.6
SP500,S&P 500 Index,1996-01-01,1996,1008.0,877.0,14.937286202964653,131.0,810.6
SP500,S&P 500 Index,1997-01-01,1997,1107.0,1008.0,9.821428571428571,99.0,893.2
SP500,S&P 500 Index,1998-01-01,1998,1228.0,1107.0,10.930442637759711,121.0,995.4
SP500,S&P 500 Index,1999-01-01,1999,1477.0,1228.0,20.27687296416938,249.0,1139.4
SP500,S&P 500 Index,2000-01-01,2000,1329.0,1477.0,-10.020311442112389,-148.0,1229.8
SP500,S&P 500 Index,2001-01-01,2001,1399.0,1329.0,5.2671181339352895,70.0,1308.0
SP500,S&P 500 Index,2002-01-01,2002,1600.0,1399.0,14.367405289492494,201.0,1406.6
SP500,S&P 500 Index,2003-01-01,2003,1734.0,1600.0,8.375,134.0,1507.8
SP500,S&P 500 Index,2004-01-01,2004,1878.0,1734.0,8.304498269896193,144.0,1588.0
SP500,S&P 500 Index,2005-01-01,2005,2230.0,1878.0,18.743343982960596,352.0,1768.2
SP500,S&P 500 Index,2006-01-01,2006,2601.0,2230.0,16.63677130044843,371.0,2008.6
SP500,S&P 500 Index,2007-01-01,2007,3030.0,2601.0,16.49365628604383,429.0,2294.6
SP500,S&P 500 Index,2008-01-01,2008,1818.0,3030.0,-40.0,-1212.0,2311.4
SP500,S&P 500 Index,2009-01-01,2009,2190.0,1818.0,20.462046204620464,372.0,2373.8
SP500,S&P 500 Index,2010-01-01,2010,2412.0,2190.0,10.136986301369863,222.0,2410.2
SP500,S&P 500 Index,2011-01-01,2011,2785.0,2412.0,15.464344941956881,373.0,2447.0
SP500,S&P 500 Index,2012-01-01,2012,2994.0,2785.0,7.504488330341114,209.0,2439.8
SP500,S&P 500 Index,2013-01-01,2013,3372.0,2994.0,12.625250501002002,378.0,2750.6
SP500,S&P 500 Index,2014-01-01,2014,3674.0,3372.0,8.956109134045077,302.0,3047.4
SP500,S&P 500 Index,2015-01-01,2015,4070.0,3674.0,10.778443113772456,396.0,3379.0
SP500,S&P 500 Index,2016-01-01,2016,4670.0,4070.0,14.742014742014742,600.0,3756.0
SP500,S&P 500 Index,2017-01-01,2017,4832.0,4670.0,3.468950749464668,162.0,4123.6
SP500,S&P 500 Index,2018-01-01,2018,6123.0,4832.0,26.71771523178808,1291.0,4673.8
SP500,S&P 500 Index,2019-01-01,2019,6243.0,6123.0,1.9598236158745712,120.0,5187.6
SP500,S&P 500 Index,2020-01-01,2020,5307.0,6243.0,-14.992791926958194,-936.0,5435.0
SP500,S&P 500 Index,2021-01-01,2021,5322.0,5307.0,0.2826455624646693,15.0,5565.4
SP500,S&P 500 Index,2022-01-01,2022,6347.0,5322.0,19.25967681322811,1025.0,5868.4
SP500,S&P 500 Index,2023-01-01,2023,7384.0,6347.0,16.338427603592248,1037.0,6120.6
SP500,S&P 500 Index,2024-01-01,2024,8491.0,7384.0,14.991874322860237,1107.0,6570.2
UNRATE,Unemployment Rate (%),1970-01-01,1970,5.2,,,,5.2
UNRATE,Unemployment Rate (%),1971-01-01,1971,6.1,5.2,17.307692307692296,0.8999999999999995,5.65
UNRATE,Unemployment Rate (%),1972-01-01,1972,5.9,6.1,-3.2786885245901525,-0.1999999999999993,5.733333333333334
UNRATE,Unemployment Rate (%),1973-01-01,1973,6.5,5.9,10.169491525423723,0.5999999999999996,5.925000000000001
UNRATE,Unemployment Rate (%),1974-01-01,1974,6.3,6.5,-3.0769230769230793,-0.20000000000000018,6.000000000000001
UNRATE,Unemployment Rate (%),1975-01-01,1975,6.4,6.3,1.5873015873015959,0.10000000000000053,6.24
UNRATE,Unemployment Rate (%),1976-01-01,1976,7.4,6.4,15.625,1.0,6.5
UNRATE,Unemployment Rate (%),1977-01-01,1977,7.4,7.4,0.0,0.0,6.8
UNRATE,Unemployment Rate (%),1978-01-01,1978,6.3,7.4,-14.864864864864872,-1.1000000000000005,6.76
UNRATE,Unemployment Rate (%),1979-01-01,1979,6.4,6.3,1.5873015873015959,0.10000000000000053,6.780000000000001
UNRATE,Unemployment Rate (%),1980-01-01,1980,5.5,6.4,-14.062500000000005,-0.9000000000000004,6.6
UNRATE,Unemployment Rate (%),1981-01-01,1981,4.4,5.5,-19.999999999999993,-1.0999999999999996,6.0
UNRATE,Unemployment Rate (%),1982-01-01,1982,8.3,4.4,88.63636363636364,3.9000000000000004,6.180000000000001
UNRATE,Unemployment Rate (%),1983-01-01,1983,8.4,8.3,1.2048192771084292,0.09999999999999964,6.6
UNRATE,Unemployment Rate (%),1984-01-01,1984,3.2,8.4,-61.904761904761905,-5.2,5.96
UNRATE,Unemployment Rate (%),1985-01-01,1985,3.8,3.2,18.74999999999999,0.5999999999999996,5.62
UNRATE,Unemployment Rate (%),1986-01-01,1986,2.0,3.8,-47.368421052631575,-1.7999999999999998,5.140000000000001
UNRATE,Unemployment Rate (%),1987-01-01,1987,3.6,2.0,80.0,1.6,4.200000000000001
UNRATE,Unemployment Rate (%),1988-01-01,1988,3.5,3.6,-2.77777777777778,-0.10000000000000009,3.22
UNRATE,Unemployment Rate (%),1989-01-01,1989,3.7,3.5,5.71428571428572,0.20000000000000018,3.3200000000000003
UNRATE,Unemployment Rate (%),1990-01-01,1990,4.5,3.7,21.621621621621614,0.7999999999999998,3.46
UNRATE,Unemployment Rate (%),1991-01-01,1991,4.0,4.5,-11.11111111111111,-0.5,3.8600000000000003
UNRATE,Unemployment Rate (%),1992-01-01,1992,5.5,4.0,37.5,1.5,4.24
UNRATE,Unemployment Rate (%),1993-01-01,1993,6.3,5.5,14.545454545454541,0.7999999999999998,4.8
UNRATE,Unemployment Rate (%),1994-01-01,1994,7.3,6.3,15.873015873015872,1.0,5.5200000000000005
UNRATE,Unemployment Rate (%),1995-01-01,1995,6.6,7.3,-9.589041095890414,-0.7000000000000002,5.94
UNRATE,Unemployment Rate (%),1996-01-01,1996,6.6,6.6,0.0,0.0,6.460000000000001
UNRATE,Unemployment Rate (%),1997-01-01,1997,6.7,6.6,1.5151515151515234,0.10000000000000053,6.7
UNRATE,Unemployment Rate (%),1998-01-01,1998,7.2,6.7,7.462686567164178,0.5,6.88
UNRATE,Unemployment Rate (%),1999-01-01,1999,6.5,7.2,-9.722222222222223,-0.7000000000000002,6.719999999999999
UNRATE,Unemployment Rate (%),2000-01-01,2000,5.6,6.5,-13.846153846153852,-0.9000000000000004,6.5200000000000005
UNRATE,Unemployment Rate (%),2001-01-01,2001,5.5,5.6,-1.7857142857142794,-0.09999999999999964,6.3
UNRATE,Unemployment Rate (%),2002-01-01,2002,4.7,5.5,-14.545454545454541,-0.7999999999999998,5.8999999999999995
UNRATE,Unemployment Rate (%),2003-01-01,2003,4.6,4.7,-2.1276595744680966,-0.10000000000000053,5.38
UNRATE,Unemployment Rate (%),2004-01-01,2004,3.2,4.6,-30.43478260869564,-1.3999999999999995,4.72
UNRATE,Unemployment Rate (%),2005-01-01,2005,3.1,3.2,-3.1250000000000027,-0.10000000000000009,4.220000000000001
UNRATE,Unemployment Rate (%),2006-01-01,2006,2.8,3.1,-9.677419354838717,-0.30000000000000027,3.6799999999999997
UNRATE,Unemployment Rate (%),2007-01-01,2007,2.3,2.8,-17.857142857142858,-0.5,3.2
UNRATE,Unemployment Rate (%),2008-01-01,2008,3.3,2.3,43.47826086956522,1.0,2.9400000000000004
UNRATE,Unemployment Rate (%),2009-01-01,2009,7.6,3.3,130.3030303030303,4.3,3.8200000000000003
UNRATE,Unemployment Rate (%),2010-01-01,2010,7.9,7.6,3.947368421052641,0.3000000000000007,4.779999999999999
UNRATE,Unemployment Rate (%),2011-01-01,2011,4.4,7.9,-44.303797468354425,-3.5,5.1
UNRATE,Unemployment Rate (%),2012-01-01,2012,4.4,4.4,0.0,0.0,5.519999999999999
UNRATE,Unemployment Rate (%),2013-01-01,2013,5.4,4.4,22.727272727272727,1.0,5.9399999999999995
UNRATE,Unemployment Rate (%),2014-01-01,2014,6.0,5.4,11.111111111111104,0.5999999999999996,5.62
UNRATE,Unemployment Rate (%),2015-01-01,2015,6.2,6.0,3.333333333333336,0.20000000000000018,5.28
UNRATE,Unemployment Rate (%),2016-01-01,2016,6.8,6.2,9.677419354838705,0.5999999999999996,5.76
UNRATE,Unemployment Rate (%),2017-01-01,2017,7.2,6.8,5.882352941176476,0.40000000000000036,6.32
UNRATE,Unemployment Rate (%),2018-01-01,2018,7.9,7.2,9.722222222222223,0.7000000000000002,6.82
UNRATE,Unemployment Rate (%),2019-01-01,2019,6.8,7.9,-13.924050632911397,-1.1000000000000005,6.9799999999999995
UNRATE,Unemployment Rate (%),2020-01-01,2020,10.4,6.8,52.941176470588246,3.6000000000000005,7.82
UNRATE,Unemployment Rate (%),2021-01-01,2021,5.8,10.4,-44.23076923076923,-4.6000000000000005,7.62
UNRATE,Unemployment Rate (%),2022-01-01,2022,4.3,5.8,-25.862068965517242,-1.5,7.040000000000001
UNRATE,Unemployment Rate (%),2023-01-01,2023,4.6,4.3,6.976744186046507,0.2999999999999998,6.38
UNRATE,Unemployment Rate (%),2024-01-01,2024,4.1,4.6,-10.869565217391305,-0.5,5.840000000000001
