date,spy_return,avg_sentiment
2019-01-14,-0.006101092679688193,-0.06281818181818183
2019-01-29,-0.0013271874670095175,-0.11109090909090907
2019-01-30,0.015831044077342867,-0.4123333333333333
2019-01-31,0.008782400730232454,-0.279
2019-02-07,-0.009532545640858205,-0.021000000000000022
2019-03-06,-0.006057105731247703,-0.09633333333333334
2019-03-07,-0.008365854810073722,-0.0273
2019-03-14,-0.0006392349432240795,-0.123
2019-03-20,-0.0030100769886681664,-0.036399999999999995
2019-04-26,0.0046568724133452645,-0.23326666666666665
2019-05-08,-0.0013895009788044068,-0.301
2019-05-13,-0.0251300814548077,0.2242
2019-05-24,0.0022686817922466765,0.005307692307692317
2019-05-29,-0.006710466037651908,0.182
2019-05-31,-0.013475521834826589,-0.02533333333333333
2019-06-04,0.021706440634714993,-0.3211818181818182
2019-06-14,-0.0011048480822254511,0.229625
2019-06-18,0.010470846429797462,-0.1037777777777778
2019-07-22,0.0024564334449911083,-0.0955
2019-07-24,0.004699334227465653,0.16846153846153847
2019-07-30,-0.0024547254660614607,0.5708
2019-08-05,-0.030072902826551118,-0.21000000000000002
2019-08-26,0.011058367969556684,0.29133333333333333
2019-09-04,0.011350072961460483,-0.18866666666666668
2019-09-11,0.00711045395385969,0.2926000000000001
2019-09-24,-0.007846825385280726,0.011428571428571423
2019-10-11,0.010367152193690405,-0.13216666666666665
2019-10-18,-0.004377271768927324,0.18025
2019-10-31,-0.002663716709301055,0.43133333333333335
2019-11-08,0.0024659525311446287,-0.10425
2019-12-03,-0.00670690876167116,-0.04758333333333333
2019-12-18,6.254487255255335e-05,-0.27637500000000004
2020-01-08,0.00532997289743146,0.06416666666666668
2020-01-27,-0.01602924552055255,-0.021600000000000043
2020-02-12,0.00644287740259694,-0.027363636363636343
2020-02-18,-0.0025770113395973955,0.12613333333333332
2020-02-19,0.004781381092185852,0.1814
2020-02-25,-0.030302340607795516,0.011533333333333333
2020-03-09,-0.07809447328534677,-0.10535714285714286
2020-03-17,0.053992242521737656,-0.18963636363636363
2020-03-20,-0.04309437916509624,0.03711111111111111
2020-03-25,0.014970072480964719,-0.03973333333333335
2020-04-03,-0.014454089767504872,0.0064000000000000055
2020-04-13,-0.009130149332435328,0.14075
2020-06-23,0.004603491153611097,0.0043076923076922945
2020-07-02,0.005507066384012012,-0.1572
2020-07-14,0.012959150417882545,0.2113
2020-07-16,-0.0032934474773144047,0.12440000000000001
2020-07-17,0.0028990240894804236,0.007800000000000007
2020-07-27,0.007292541438246619,0.05193333333333331
2020-08-03,0.006952283000092804,-0.14175000000000001
2020-08-24,0.010133411145125802,0.5088000000000001
2020-08-27,0.0021864055915701308,-0.006714285714285728
2020-09-01,0.009418543285753709,0.3898333333333333
2020-10-08,0.008862454002994338,-0.09086666666666662
2020-10-14,-0.0062834456958813035,-0.06490000000000004
2020-10-22,0.0054850954079757,-0.30033333333333334
2020-12-10,-0.00032685946943471336,-0.09185714285714286
2020-12-17,0.005591845260298084,-0.497125
2020-12-29,-0.0019078385160917327,0.14081818181818181
2021-01-20,0.013838850792933146,-0.16871428571428565
2021-01-22,-0.0035398096458391904,-0.07537500000000003
2021-01-27,-0.024440393184540835,-0.22200000000000006
2021-01-28,0.008600120264477379,0.05538461538461539
2021-02-10,-0.00043567241644001844,-0.08623076923076925
2021-02-11,0.0016152642724433575,0.11812499999999998
2021-02-19,-0.001765704487725872,-0.39742857142857135
2021-02-22,-0.0076919142551885615,-0.05766666666666666
2021-03-12,0.001346981062748345,-0.1407
2021-03-17,0.0034096987627389263,-0.0571428571428571
2021-03-22,0.00798494204197696,0.02186666666666667
2021-04-23,0.010842391447827521,0.0059999999999999915
2021-05-03,0.002156712771420679,-0.17126666666666665
2021-05-11,-0.008925133621247557,-0.26580000000000004
2021-06-11,0.0016526698233672696,-0.038999999999999986
2021-06-16,-0.005583280437875653,-0.16314285714285712
2021-06-22,0.005346399882733464,0.119
2021-06-23,-0.0012055397425145902,-0.0844
2021-06-29,0.0005381757025488346,-0.06985714285714287
2021-06-30,0.0008415829664516182,-0.045599999999999974
2021-07-08,-0.008147735263526426,-0.28893333333333326
2021-07-09,0.01067470733513854,0.38345454545454544
2021-08-09,-0.000813453607858862,0.14142857142857143
2021-08-18,-0.010944930970905627,0.18777777777777777
2021-08-19,0.0015482512878866978,-0.18889999999999998
2021-08-25,0.0020984321398145114,0.0752
2021-08-27,0.008940752952947679,0.0442
2021-09-20,-0.016674087090422594,-0.2975
2021-10-08,-0.001823889337124217,0.129625
2021-10-11,-0.007239735874453446,0.035750000000000004
2021-10-26,0.0008998519804077586,-0.06892307692307695
2021-11-03,0.0061053038241435445,-0.141
2021-11-09,-0.0033051296247841836,-0.24557142857142858
2021-11-10,-0.008045072796088074,-0.05881818181818181
2021-11-23,0.001326090463974945,-0.1866
2021-12-07,0.02068475134759833,0.2597142857142857
2021-12-23,0.006222100192835929,0.083375
2021-12-27,0.014152035767074364,0.20040000000000002
2022-01-14,0.0004089725786171187,0.16059999999999997
2022-02-25,0.02206400022351125,0.05516666666666666
2022-03-02,0.018396058231192444,0.09840000000000002
2022-03-14,-0.007308264124546335,0.014399999999999968
2022-03-28,0.0071129892951678755,-0.39499999999999996
2022-03-29,0.012370929388587183,0.06983333333333334
2022-04-04,0.008566767772028649,-0.14681818181818185
2022-04-21,-0.014953568899599506,0.074875
2022-04-26,-0.02896095693378873,0.10014285714285713
2022-04-27,0.002811874888445187,0.06266666666666666
2022-05-04,0.030452811242892154,0.051866666666666665
2022-05-06,-0.005969030568401645,-0.3394666666666667
2022-05-20,0.0004364780004713073,-0.25762500000000005
2022-05-31,-0.005610878206149927,0.18199999999999994
2022-06-15,0.01425620495724125,-0.01133333333333334
2022-06-24,0.03179393887184269,0.012909090909090905
2022-07-06,0.0033772162459148433,-0.12520000000000003
2022-07-08,-0.0008226430234913751,-0.41600000000000004
2022-08-09,-0.003971058734063926,0.07253333333333334
2022-10-19,-0.007086491924739086,0.01766666666666665
2022-10-25,0.015968296735997693,-0.11283333333333334
2022-10-28,0.023790674468014597,0.26625
2022-11-15,0.008528910258200413,0.04115384615384616
2022-11-16,-0.007628628671843124,-0.005800000000000005
2022-12-15,-0.024461674141529322,0.17457142857142857
2022-12-19,-0.008479710767813802,0.2378
2022-12-20,0.0013683703215903481,-0.1615
2022-12-29,0.01800027463629599,0.024444444444444435
2023-01-09,-0.0005669587130730517,0.03818181818181818
2023-01-24,-0.0010735084241612163,-0.24788888888888888
2023-02-03,-0.010629126702316326,0.10863636363636363
2023-02-17,-0.0024983119880288185,-0.12766666666666665
2023-02-23,0.005319522821901381,-0.3076
2023-02-24,-0.01068253257593731,-0.10645454545454544
2023-03-07,-0.015328680054371819,0.24726666666666663
2023-03-21,0.013130488155307088,0.07585714285714287
2023-03-31,0.014094586664215022,0.4403333333333333
2023-04-13,0.013282596514238026,0.060000000000000026
2023-04-27,0.019907943580174812,0.06354545454545453
2023-05-04,-0.007082923953549534,0.13611111111111115
2023-05-05,0.01851250357945089,0.2031666666666667
2023-05-30,0.0003809355925301488,-0.08483333333333336
2023-06-01,0.009501078482852116,0.2023
2023-06-22,0.0036097367111176987,0.1135384615384615
2023-07-07,-0.0025247135312626233,0.1152857142857143
2023-07-13,0.007936874101872528,-0.26257142857142857
2023-07-25,0.0027299062554881548,-0.3655
2023-08-01,-0.0028617420363964176,0.11272727272727275
2023-08-03,-0.002865982063864435,0.1242
2023-08-18,0.000481306734823464,0.0524
2023-09-13,0.0011659667602262477,-0.014571428571428569
2023-10-04,0.007281854754391301,0.0631818181818182
2023-10-09,0.0064020677862656845,-0.10866666666666663
2023-10-18,-0.013325026537326876,-0.06120000000000001
2023-10-26,-0.011974738740027517,-0.13614285714285712
2023-11-01,0.010664798969392826,7.692307692305992e-05
2023-11-14,0.019400737684479794,-0.1318666666666667
2023-11-17,0.0012436849231399101,-0.0069999999999999975
2023-11-28,0.0009901350886199836,-0.12499999999999997
2023-12-19,0.006080857849790537,-0.08514285714285716
2023-12-20,-0.013857261662000695,0.1907857142857143
2023-12-21,0.009481941097169787,-0.006800000000000028
2024-01-08,0.014275958914962887,-0.08271428571428571
2024-01-19,0.012466125122317314,0.14591666666666667
2024-02-22,0.020695379915826075,0.04733333333333334
2024-03-01,0.009388204867123474,0.12500000000000003
2024-03-11,-0.0008598045719229175,0.15945454545454546
2024-03-15,-0.0068666562279638315,0.042499999999999996
2024-03-22,-0.0018961284693555759,0.19126666666666664
2024-03-26,-0.0018469854070511248,-0.018714285714285708
2024-04-11,0.0075470646350835335,0.06642857142857143
2024-04-18,-0.002057688811081116,-0.37437500000000007
2024-04-22,0.009209170061707083,-0.09936363636363633
2024-05-01,-0.003247033702386865,-0.0845
2024-05-06,0.010326871593871686,-0.11093333333333331
2024-05-08,9.653046894694154e-05,0.32833333333333337
2024-05-09,0.005761819934562746,0.05823076923076924
2024-05-10,0.001288220710128828,-0.030199999999999984
2024-05-13,0.00013433778929771237,0.06685714285714286
2024-06-11,0.0024080473276639944,-0.08399999999999999
2024-06-28,-0.003935054810178064,-0.19842857142857145
2024-07-16,0.005930054119454776,-0.0521
2024-07-24,-0.022662517054599,-0.12127272727272725
2024-08-05,-0.029123696595170296,-0.01171428571428571
2024-08-21,0.0034365053943285684,0.0029999999999999975
2024-09-18,-0.0029658869080359355,-0.3655
2024-09-24,0.0028612906790460367,-0.042333333333333334
2024-10-08,0.009457633661455318,0.02842857142857142
2024-10-09,0.006926370066027018,-0.06625
2024-10-11,0.005988247396989942,-0.038428571428571416
2024-10-16,0.004346502515658736,-0.23427272727272727
2024-10-17,8.572208496904615e-05,-0.05179999999999999
2024-10-25,-0.0003452330483054305,-0.10287499999999998
2024-11-07,0.007732078640910143,0.03776923076923079
2024-11-15,-0.012808551500482525,-0.17346666666666666
2024-11-20,0.00033886931512188095,0.4066666666666666
2019-01-03,-0.023862683174131347,0.24442857142857147
2019-01-24,0.0005316960938415669,-0.08700000000000002
2019-02-11,0.0005545942602277358,-0.10826666666666665
2019-02-20,0.002015462616039181,0.057454545454545466
2019-03-21,0.011294619946241277,0.10274999999999998
2019-04-01,0.01185933974728949,-0.09993333333333335
2019-04-10,0.0034108432973564322,0.1648888888888889
2019-04-18,0.00196920723610633,-0.005666666666666659
2019-05-10,0.005023166353915895,-0.1026923076923077
2019-05-20,-0.0066117667882958355,-0.022733333333333335
2019-05-28,-0.009301124947601436,-0.0638
2019-06-12,-0.0017656444281518087,0.03673333333333332
2019-07-19,-0.005555053870673365,-0.03886666666666667
2019-07-23,0.007150379653280349,-0.38533333333333336
2019-08-09,-0.006811860777964393,0.0408888888888889
2019-08-27,-0.0039232561466305636,-0.20890909090909096
2019-09-23,-0.00023458771572533078,0.1678
2019-09-27,-0.005387535629100085,-0.05457142857142859
2019-10-04,0.01353208782408527,-0.12283333333333334
2019-10-21,0.006779437427300979,0.10964285714285715
2019-11-01,0.009264249245002628,-0.0625
2019-11-11,-0.0019098008469354349,-0.192
2019-11-18,0.0007375883002998941,-0.22525
2019-11-22,0.0022236045365146063,-0.0069166666666666725
2019-11-27,0.004457537537996956,-0.23255555555555554
2019-12-05,0.0017979283648429688,0.3828
2019-12-16,0.006869830539272759,-0.14720000000000003
2020-01-21,-0.001957878553112445,-0.12561538461538457
2020-01-29,-0.0008258285025413273,0.05613333333333334
2020-02-07,-0.0053298880464020095,0.3452
2020-02-10,0.007465383840354654,0.16908333333333334
2020-02-28,-0.0042015216997518595,0.009785714285714286
2020-03-10,0.05174466580576104,-0.2233333333333333
2020-03-30,0.032475511786484335,0.14411111111111113
2020-04-01,-0.04500499642837818,0.030636363636363625
2020-04-08,0.033568225081717404,0.2281666666666667
2020-04-14,0.029492871673842975,-0.09483333333333331
2020-04-23,-7.143840519201082e-05,0.09040000000000001
2020-04-29,0.026178292342730204,-0.013000000000000001
2020-05-15,0.004596728633268468,-0.1280909090909091
2020-05-19,-0.01027113523191406,-0.023666666666666673
2020-05-26,0.01232057334739543,0.1232
2020-06-12,0.011975584325167505,-0.15283333333333332
2020-06-22,0.006415399172938912,-0.34088888888888885
2020-07-24,-0.006440307782518563,0.24783333333333335
2020-07-30,-0.003568037757150228,0.07587500000000001
2020-08-05,0.006210954995818803,0.33520000000000005
2020-08-07,0.0007179159498648316,-0.16679999999999998
2020-09-02,0.01446395694713616,0.016111111111111114
2020-09-30,0.007581934820495117,-0.13185714285714287
2020-10-05,0.017733137012107564,0.591625
2020-10-12,0.01608729890876364,0.15471428571428567
2020-10-13,-0.006526106282806546,-0.0300909090909091
2020-10-23,0.003395282055958557,-0.053333333333333365
2020-10-29,0.01016333141695894,0.12383333333333334
2020-10-30,-0.010424458242049964,0.21260000000000004
2020-11-02,0.011208440891205734,-0.34325000000000006
2020-11-12,-0.009701102337084579,-0.3576
2020-11-23,0.0059943436655696646,0.02357142857142856
2020-11-30,-0.00442719875623655,0.050928571428571434
2020-12-07,-0.002054911461435294,-0.08891666666666669
2020-12-09,-0.008969078200231092,-0.013000000000000012
2021-01-06,0.005978391588379773,-0.196
2021-01-19,0.007851950463676411,-0.09446153846153847
2021-01-25,0.003944255990982612,-0.05683333333333332
2021-02-26,-0.005152811436293222,-0.02618181818181817
2021-03-23,-0.007870957640213925,-0.2508
2021-04-13,0.0029636440769936563,-0.02092857142857144
2021-04-28,-0.00028721828815565786,0.258875
2021-05-05,0.00031315532206922656,0.014818181818181826
2021-05-18,-0.008615719847619458,0.013083333333333327
2021-05-24,0.010194304559899055,-0.2636666666666667
2021-06-03,-0.0037112720904130007,0.0836
2021-06-09,-0.0014916873131640097,-0.29557142857142854
2021-06-14,0.0022388473982654466,-0.10725
2021-06-28,0.002015926862170404,0.16514285714285712
2021-07-07,0.0035338369204911003,0.2754615384615385
2021-07-12,0.0035818987558158826,0.082875
2021-07-16,-0.007843526638001645,-0.34740000000000004
2021-07-19,-0.014768098007328567,-0.18149999999999997
2021-08-06,0.0016523937167254265,0.13772727272727273
2021-08-16,0.0023547044451582406,0.3631666666666667
2021-10-20,0.003927589659071177,0.18008333333333335
2021-11-01,0.001720116663159237,-0.10055555555555555
2021-11-02,0.004043107582166934,0.10280000000000004
2021-11-19,-0.0017881200110283436,-0.268
2021-11-26,-0.022303210254826934,-0.088625
2021-12-09,-0.006751624998427305,-0.053727272727272735
2021-12-15,0.01562525362674489,-0.023181818181818196
2022-02-04,0.004702071527495471,-0.17693333333333333
2022-02-11,-0.019718753118685223,0.0951818181818182
2022-02-24,0.015049217220538279,-0.06790000000000002
2022-03-22,0.011701573400837646,-0.18025
2022-03-25,0.004883505640084552,0.013999999999999997
2022-03-31,-0.015391154649445528,0.009545454545454524
2022-04-01,0.0028338604575074296,0.05783333333333333
2022-04-05,-0.012631278784034344,0.176625
2022-04-07,0.005039031397119123,-0.152
2022-04-08,-0.0026739137207645192,0.4431
2022-04-22,-0.027439140891473406,0.087
2022-04-25,0.005797682221740834,-0.24733333333333338
2022-05-10,0.0023106248069613513,0.35544444444444445
2022-05-13,0.02390780163813714,-0.15662499999999996
2022-06-16,-0.03309600267839482,-0.14075000000000001
2022-07-11,-0.011423548932846406,-0.019799999999999995
2022-07-19,0.027019189276355642,-0.1310909090909091
2022-07-27,0.025966266986032157,-0.002363636363636376
2022-08-02,-0.006597611095322993,-0.01290909090909091
2022-08-10,0.02100408360773303,-0.033416666666666685
2022-08-26,-0.03384883743852338,0.058333333333333334
2022-09-02,-0.010544418967985119,-0.11942857142857144
2022-09-06,-0.003773137953855559,0.012222222222222209
2022-09-07,0.017964933990264352,0.1536153846153846
2022-09-19,0.007754807991676609,0.037466666666666655
2022-10-06,-0.010315888074920749,0.30923076923076925
2022-10-10,-0.007635504077200703,-0.03
2022-10-14,-0.022788632845382423,0.21059999999999998
2022-10-26,-0.007533910071734726,-0.000444444444444441
2022-10-31,-0.007223424005482573,-0.2109285714285714
2022-11-04,0.01439321371929625,-0.019666666666666676
2022-11-11,0.00967847270769633,0.024933333333333346
2022-11-23,0.006301537394778233,-0.0628
2022-11-29,-0.0017175427668871827,0.272625
2022-12-07,-0.0017011798367274303,0.09575
2022-12-12,0.01441722340191393,0.029125000000000005
2023-01-06,0.02293199881020967,0.1664
2023-01-18,-0.015787969658793928,0.02106666666666667
2023-02-01,0.010627699706333626,-0.19033333333333333
2023-02-02,0.014557111549017338,-0.288125
2023-02-21,-0.020060958714325297,-0.01980000000000003
2023-03-17,-0.011692817454216277,0.00509090909090909
2023-03-20,0.009615675389573038,0.09463636363636364
2023-04-10,0.0010264794713353296,0.42916666666666664
2023-04-18,0.0006520897686886757,-0.07271428571428572
2023-04-24,0.0010431578643783086,-0.19390909090909092
2023-05-01,-0.001009694140309275,0.10373333333333333
2023-05-02,-0.011239286580254788,-0.09242857142857144
2023-05-03,-0.006863914535867192,0.18707692307692309
2023-05-11,-0.0017440571333380331,-0.12277777777777778
2023-05-12,-0.0013102898804992675,0.46399999999999997
2023-05-17,0.01213873196695959,0.13113333333333332
2023-05-19,-0.0014550818234367836,-0.16523076923076924
2023-05-22,0.00040616356218701604,0.19580000000000003
2023-05-25,0.008660126896145441,0.031000000000000003
2023-06-06,0.0021773633798798805,0.1798571428571429
2023-06-07,-0.0034578241374925646,-0.08560000000000001
2023-06-28,0.0005043442973116115,0.49157142857142855
2023-07-11,0.006368734940021619,-0.09155555555555556
2023-07-19,0.00222370493812182,-0.1484
2023-09-14,0.008622341309904937,-0.03387500000000001
2023-09-26,-0.014691349547734501,0.2524
2023-10-06,0.011872863871259692,0.14657142857142857
2023-10-13,-0.0049810246336855525,-0.27849999999999997
2023-10-23,-0.0017331845679529432,0.13049999999999998
2023-11-03,0.009123344775336554,0.05276923076923078
2023-11-08,0.0007324839395211735,-0.1864
2023-11-20,0.007697782301441274,-0.07530769230769231
2023-12-05,-0.0001970139026418166,0.1374285714285714
2023-12-11,0.0038894761557594555,-0.23479999999999998
2023-12-13,0.013790214939501826,0.3822
2023-12-28,0.0003776840300116158,0.15581818181818186
2024-01-04,-0.0032210135550876256,0.05875
2024-01-17,-0.005558713393210137,-0.1447142857142857
2024-01-26,-0.0012704377723479013,-0.107
2024-02-05,-0.003641173427898301,-0.03646666666666669
2024-02-14,0.009087524264614934,-0.15427272727272728
2024-03-06,0.005067174925181032,0.004750000000000013
2024-03-07,0.00992642406084354,-0.03750000000000001
2024-04-03,0.001098315437056215,0.08133333333333335
2024-04-05,0.010446924697144295,-0.04972727272727271
2024-04-16,-0.0018237751813515752,0.153
2024-04-23,0.011866600592169972,0.147
2024-04-26,0.009473895931421042,0.165375
2024-05-02,0.009353316513296114,-0.258
2024-05-30,-0.006633663974710803,0.15914285714285717
2024-06-04,0.0011178914336725013,-0.08366666666666667
2024-06-12,0.008213239501259309,-0.11811111111111113
2024-06-24,-0.0032506587466095346,-0.06411111111111115
2024-06-26,0.0012481367231759223,0.2667142857142856
2024-07-10,0.009895247968735489,0.188875
2024-08-02,-0.018618417388875146,-0.08675
2024-08-09,0.004409658977186128,0.08857142857142855
2024-08-26,-0.002383622442494819,-0.13535714285714287
2024-08-27,0.0013729488089544771,-0.14873333333333333
2024-08-28,-0.005805155849697576,0.0698
2024-09-03,-0.02057879177938858,0.046124999999999985
2024-10-07,-0.009040485850911877,-0.13130769230769232
2024-10-10,-0.0017500005084410309,-0.13185714285714287
2024-10-14,0.008178298787650105,0.001899999999999999
2024-10-15,-0.007769725179671591,-0.0018571428571428747
2024-10-21,-0.0016422065253298204,-0.05725000000000001
2024-11-13,0.00048571005417742213,0.12050000000000002
2024-11-18,0.004097280485316118,-0.13549999999999998
2019-01-10,0.003527624611008138,0.05521428571428571
2019-01-17,0.007586818263020244,-0.04312499999999999
2019-02-26,-0.0007151141580257039,-0.27415384615384614
2019-03-08,-0.0019996759476777295,-0.07770000000000002
2019-03-19,0.0002478097560803918,-0.10466666666666669
2019-04-11,-0.0002775064057241801,0.032222222222222215
2019-04-12,0.006766023226311964,-0.028444444444444456
2019-04-23,0.008992079621786303,0.176
2019-05-17,-0.006465166745171761,0.1889
2019-06-10,0.004588985054033903,-0.2208181818181818
2019-06-11,-0.0002419989956342262,0.21228571428571424
2019-06-21,-0.0014532477536938612,0.048214285714285716
2019-06-26,-0.0009970406983527615,0.06614285714285716
2019-06-27,0.003545635209151277,-0.22366666666666665
2019-07-16,-0.003225148826657753,-0.413
2019-08-02,-0.0075296348764919765,-0.20239999999999997
2019-08-22,-0.00030776877154524684,0.1492
2019-08-29,0.012772973040713939,0.18472727272727274
2019-08-30,-0.0004443191765315148,-0.08925
2019-09-06,0.0007726011151839757,-0.29300000000000004
2019-09-09,0.0005028602637817566,-0.229375
2019-09-26,-0.002083120779522183,-0.019333333333333313
2019-10-29,-0.0002967149137364923,0.112125
2019-11-04,0.004017485145201803,0.17014285714285712
2019-11-07,0.003517173848133714,-0.21491666666666664
2019-11-21,-0.001608543048256184,0.2613846153846154
2019-12-17,0.00021911167656359367,-0.43600000000000005
2019-12-23,0.0015275679162079045,0.14158333333333334
2019-12-30,-0.005513461901586417,0.17025
2020-01-09,0.006780656334374423,-0.02842857142857143
2020-02-05,0.011548018307142312,-0.5298
2020-02-24,-0.033165371020935114,-0.1856
2020-03-11,-0.04874833800382704,-0.30253846153846153
2020-04-16,0.004824319906140101,-0.11
2020-04-30,-0.009310566190594886,-0.017600000000000008
2020-05-01,-0.02647366492131722,0.3412
2020-05-05,0.009239548059561035,-0.001333333333333347
2020-06-09,-0.007456717649042685,-0.05164285714285714
2020-06-10,-0.005580194287532459,-0.0889
2020-06-29,0.014697552839543198,0.05786666666666666
2020-07-09,-0.0056928832566531225,0.2828333333333333
2020-07-13,-0.008659072187565972,-0.05519999999999999
2020-08-11,-0.008254663852756276,0.24800000000000003
2020-08-14,2.9760263997935322e-05,-0.043428571428571414
2020-08-18,0.002160400707061452,-0.19579999999999997
2020-08-28,0.006459422916704015,-0.1656153846153846
2020-09-23,-0.02319112017785333,-0.19727272727272727
2020-10-09,0.008930574467477314,-0.09033333333333332
2020-10-21,-0.0018929075359093311,0.20050000000000007
2020-11-19,0.004210311606610035,-0.07833333333333335
2020-11-27,0.002785176391496005,0.3598571428571429
2020-12-08,0.0029262763545801892,0.05733333333333335
2021-01-07,0.014857636999763961,0.3386
2021-02-02,0.014140302365600415,-0.1836
2021-03-01,0.024240445917459472,0.038692307692307686
2021-03-02,-0.007803379339167628,-0.000833333333333334
2021-03-10,0.0062245476039313975,-0.013000000000000022
2021-03-15,0.005963428803229597,0.0801
2021-03-19,-0.0018500365486089838,-0.13666666666666666
2021-03-30,-0.0026531552764050927,-0.33999999999999997
2021-04-08,0.00474683645452773,-0.199
2021-04-22,-0.00913290216281535,0.1444
2021-05-27,0.0005248645876498665,0.011599999999999989
2021-06-07,-0.0009702309764767423,0.012999999999999992
2021-07-06,-0.0018214535042167079,0.19333333333333333
2021-07-15,-0.0034154937366778298,0.06808333333333333
2021-08-05,0.006332817850542253,-0.03310000000000002
2021-08-10,0.0012439162876492875,-0.02853333333333332
2021-08-30,0.004397713108628779,-0.1805
2021-09-09,-0.004280244171706177,-0.31276923076923074
2021-09-13,0.0025592763681147154,0.023307692307692307
2021-09-28,-0.02015185395160259,-0.07799999999999999
2021-10-04,-0.01289591771257026,-0.19999999999999998
2021-10-05,0.010405095805413277,-0.33416666666666667
2021-10-07,0.008645688007640984,0.04839999999999998
2021-10-15,0.0076157445891826036,-0.05613333333333333
2021-10-18,0.002960590759956636,-0.343875
2021-11-04,0.00471236028186223,0.1309090909090909
2021-12-28,-0.0008172242427600167,0.19500000000000003
2021-12-31,-0.0025200282220462175,-0.18306666666666663
2022-01-10,-0.0012443440319313999,-0.112
2022-01-21,-0.019630725940411844,-0.34783333333333327
2022-01-26,-0.002508925836649804,-0.19075
2022-01-27,-0.004937766696925409,0.17542857142857143
2022-01-31,0.018011064763292527,0.0460909090909091
2022-02-01,0.00675691231142798,0.268875
2022-02-16,0.0011209159307283328,-0.07822222222222225
2022-03-07,-0.0294791038026134,-0.10953846153846157
2022-03-24,0.015074407042517411,-0.0024285714285714388
2022-04-18,0.000411219810979525,-0.1263076923076923
2022-04-20,-0.0007415972962394417,0.11349999999999999
2022-05-11,-0.015886228033276967,0.032857142857142856
2022-05-12,-0.0010439650029226285,-0.16566666666666666
2022-05-19,-0.0061245768439586856,0.018923076923076928
2022-05-23,0.018710078473327653,0.06477777777777778
2022-05-24,-0.0076338862822483405,-0.21869999999999998
2022-07-01,0.010576553436046816,0.14171428571428568
2022-07-05,0.0018886991619070208,0.0748
2022-07-15,0.019105210080171197,0.10113333333333334
2022-08-08,-0.0011609061663014108,-0.08945454545454544
2022-08-11,0.0,0.2041
2022-08-15,0.00412073853622426,0.11359999999999999
2022-08-16,0.001958773655361708,0.028181818181818197
2022-08-17,-0.007098181617147453,-0.303
2022-08-22,-0.02082263373558022,0.11574999999999999
2022-09-09,0.01553550834916144,0.059000000000000004
2022-09-12,0.010747506971182898,-0.1896
2022-09-15,-0.011353265228954306,-0.09487499999999999
2022-10-18,0.01174951395864312,0.16340000000000005
2022-10-21,0.024301556721936218,0.06537499999999999
2022-10-24,0.012236658371318281,-0.054615384615384656
2022-11-08,0.0053953464237396585,-0.2211428571428571
2022-11-09,-0.020602167118361235,0.08990000000000001
2022-11-10,0.05495426894698778,-0.08124999999999999
2022-11-28,-0.015956942314386168,0.08688888888888888
2022-12-01,-0.0007358538837859425,0.02400000000000002
2023-01-04,0.007720353665709235,-0.26559999999999995
2023-01-10,0.007012942985265646,-0.14079999999999998
2023-01-20,0.018629168006139188,0.21420000000000003
2023-02-09,-0.008669115822026674,-0.1431111111111111
2023-02-15,0.003247456591138664,0.10483333333333338
2023-02-16,-0.013768752128512533,-0.11249999999999999
2023-03-08,0.0016320043897373358,-0.146625
2023-03-14,0.016530089846391018,0.016166666666666666
2023-03-28,-0.002244615622597902,0.164
2023-03-30,0.005855308779246884,-0.0050000000000000044
2023-04-04,-0.005548024639880616,-0.04213333333333334
2023-04-12,-0.004075901240648955,0.3403333333333334
2023-04-14,-0.0024427016803765006,0.055375
2023-04-21,0.000777004643653528,-0.015714285714285705
2023-05-24,-0.007244865377382493,0.0486
2023-06-29,0.003941362274236656,-0.06899999999999998
2023-07-17,0.003472355763011317,0.18784615384615386
2023-07-21,0.0,0.05933333333333332
2023-07-27,-0.006629988199161734,-0.07733333333333334
2023-08-02,-0.0139106792887797,0.0172
2023-08-04,-0.004522680281977713,-0.06833333333333334
2023-08-09,-0.006685197220318939,0.06846153846153848
2023-08-23,0.011137642852297775,-0.25680000000000003
2023-09-01,0.0018653306474543912,0.13391666666666668
2023-09-05,-0.004321913442941015,0.18600000000000003
2023-09-07,-0.003070279534983043,0.019400000000000008
2023-09-12,-0.005485612972396164,0.23340000000000008
2023-09-19,-0.002073865985972683,-0.1223846153846154
2023-09-20,-0.009193248007530876,-0.10607142857142858
2023-11-13,-0.0009531646237870243,-0.10237499999999998
2023-11-22,0.0038608121249627033,0.12928571428571428
2023-11-27,-0.0018008853774378237,0.09169230769230768
2023-12-06,-0.004029776216257206,0.012600000000000009
2023-12-12,0.004567225886824089,0.14499999999999996
2023-12-18,0.005625173021305595,0.073
2023-12-22,0.002009640628737116,0.16485714285714287
2024-01-18,0.008892822417132273,0.17
2024-01-22,0.0021143344755117166,-0.15499999999999997
2024-01-31,-0.016317333606033102,-0.22646666666666665
2024-02-07,0.00834038538241042,0.10216666666666667
2024-03-08,-0.00600219090688246,0.03560000000000001
2024-04-02,-0.006358098175731576,-0.09945454545454545
2024-04-08,0.0005592750960159863,-0.40116666666666667
2024-04-19,-0.008728362661016847,-0.0142
2024-04-30,-0.01584129297156469,-0.08859999999999998
2024-05-16,-0.0020573951403794043,0.10469999999999999
2024-06-03,0.0008152607956337102,-0.07499999999999998
2024-07-31,0.0162547063808303,0.14160000000000003
2024-08-01,-0.014160950678437272,-0.05161538461538462
2024-08-12,0.0005253896067960465,-0.225
2024-08-13,0.016445506524413022,-0.11000000000000003
2024-09-12,0.008423320002333727,-0.2581538461538461
2024-09-20,-0.0017286161618014248,0.19349999999999995
2024-09-30,0.004007242418545763,-0.19033333333333333
2024-10-18,0.0038466610025632737,0.022399999999999996
2024-10-24,0.0021625597661917295,0.03933333333333333
2024-11-04,-0.002154044645877592,0.11066666666666665
2024-11-14,-0.0064301287411930854,0.050875
2024-11-22,0.003099421770792219,-0.029230769230769213
2024-11-25,0.003392138421738069,0.3886666666666667
2019-01-16,0.0024198764369843823,0.0010909090909090918
2019-02-04,0.0070356938782234505,-0.17523076923076927
2019-02-08,0.0012212592797576118,0.12971428571428573
2019-02-25,0.0013609053632616156,-0.006666666666666672
2019-03-04,-0.003637151172734065,0.14
2019-03-05,-0.0013597604864670591,-0.15183333333333335
2019-03-15,0.004940257290727234,-0.020090909090909104
2019-03-18,0.00362608851059091,0.01239999999999999
2019-03-22,-0.01924639241423573,0.131
2019-04-16,0.0006554189860545148,-0.12441666666666668
2019-04-30,0.0005103156666909674,0.04180000000000002
2019-05-02,-0.00215887181805358,0.0357
2019-05-03,0.009787653068732216,-0.27041666666666664
2019-05-14,0.009043586203174404,0.11349999999999998
2019-06-19,0.0022573917339026484,0.09507692307692306
2019-06-25,-0.00980788921296578,0.10583333333333335
2019-07-08,-0.005494999195809945,0.13191666666666665
2019-07-29,-0.001821457434559896,-0.3403333333333334
2019-07-31,-0.010940515344032361,0.04021428571428571
2019-08-21,0.008134915934656739,-0.07799999999999999
2019-08-28,0.007041321151295798,0.1743333333333333
2019-09-13,-0.0006640119539953649,0.01050000000000001
2019-10-02,-0.01766456589605538,-0.1471333333333333
2019-10-24,0.0016339087472424174,0.04978571428571429
2019-10-25,0.004094994268874333,-0.0021428571428571725
2019-10-30,0.003067294270524966,0.04988888888888891
2019-11-12,0.002107809054878461,0.15929999999999997
2019-11-15,0.00723641198749358,0.15660000000000002
2019-11-20,-0.0037190194479920814,0.17600000000000002
2019-12-11,0.0028387270353176894,0.19657142857142856
2019-12-13,0.000599537163202265,-0.15960000000000002
2020-01-03,-0.007572192631429183,0.09509999999999999
2020-01-31,-0.018158065722972558,0.05055555555555558
2020-02-06,0.003364971634861274,0.262
2020-02-21,-0.0102982677037168,0.10249999999999998
2020-02-26,-0.0036780710730521713,0.12127272727272725
2020-03-12,-0.0956769543361861,0.4944
2020-03-26,0.058390028173252964,-0.11114285714285714
2020-03-27,-0.02978575915092277,0.22559999999999997
2020-03-31,-0.014905152128650494,0.23149999999999996
2020-04-09,0.01521722448821268,0.5168333333333334
2020-04-27,0.01441786433481559,-0.009846153846153859
2020-05-06,-0.006778730825133336,-0.09809090909090906
2020-06-01,0.004041618725844958,-0.01683333333333335
2020-06-03,0.013308536021392236,0.133
2020-06-05,0.025629512849478297,0.21924999999999997
2020-06-11,-0.057648676183197974,0.1946363636363637
2020-06-25,0.010720459400704811,0.028181818181818176
2020-07-01,0.007004769181872036,-0.4442727272727273
2020-07-07,-0.010313755056247563,-0.13062500000000002
2020-07-08,0.0076484971826921615,0.291
2020-07-10,0.010210663541543612,0.06887500000000002
2020-07-23,-0.011931770591539869,-0.31892307692307686
2020-07-28,-0.006342594033105217,-0.20329999999999998
2020-09-09,0.019747451822384195,0.08284615384615386
2020-09-17,-0.008795516511794027,-0.03319999999999998
2020-09-21,-0.011129316489782987,0.2997142857142857
2020-10-19,-0.015203514408255684,-0.018785714285714288
2020-11-04,0.0223493037414351,0.09271428571428571
2020-11-10,-0.0014665948741470485,-0.49922222222222223
2020-11-24,0.016113665085441126,0.19824999999999998
2020-12-24,0.0038905657770503263,0.04622222222222221
2021-01-11,-0.006740990894712093,0.163
2021-02-04,0.011365818955119074,-0.11327272727272727
2021-02-24,0.011019325226681543,-0.30640000000000006
2021-03-03,-0.013245541313427917,-0.18441666666666665
2021-03-08,-0.0049785006737073,-0.21330769230769236
2021-03-11,0.01013902154036921,0.023230769230769225
2021-03-25,0.005625745913744599,0.18033333333333335
2021-03-26,0.016114687076319266,-0.16629999999999998
2021-04-07,0.0011572824071474069,-0.18754545454545452
2021-04-26,0.0020874963133970005,0.29769230769230764
2021-04-29,0.006372769332246297,-0.03175
2021-05-07,0.007277863855397868,-0.2694
2021-05-12,-0.021245003715593114,0.24309999999999996
2021-05-26,0.0019846163490656464,0.1065
2021-06-01,-0.000880850232410493,-0.1459285714285714
2021-07-02,0.007643650998220374,0.11830769230769232
2021-07-20,0.014330465761854936,0.2637777777777777
2021-07-21,0.00809623072150278,0.18799999999999997
2021-07-26,0.0024550947614462456,-0.1561111111111111
2021-07-28,-0.00040976650243303934,0.06499999999999999
2021-07-29,0.0041473119293664075,-0.3205714285714286
2021-07-30,-0.004856492316610698,0.06700000000000002
2021-08-03,0.008135486051480786,-0.14939999999999998
2021-09-10,-0.007884524753876375,-0.09049999999999998
2021-09-14,-0.005396561327365548,0.24799999999999991
2021-09-22,0.009754811710746781,-0.17755555555555555
2021-09-23,0.012150049390654458,0.05942857142857142
2021-09-30,-0.012222454043014051,-0.1582
2021-10-28,0.00964889175736451,0.038500000000000034
2021-11-18,0.003396279028587245,-0.08620000000000001
2021-11-24,0.00266990423466365,-0.123625
2021-11-30,-0.01945760333536284,0.07669230769230767
2021-12-16,-0.008818708469812366,0.23400000000000004
2022-01-19,-0.010383534156073071,-0.3119333333333333
2022-01-28,0.02483521573843079,-0.059214285714285726
2022-02-09,0.014636211195892996,0.06760000000000002
2022-02-22,-0.010731519120440052,0.043000000000000003
2022-03-04,-0.008124547254052454,0.0032222222222222253
2022-03-08,-0.007581856982831994,0.030333333333333337
2022-03-09,0.026810947189069192,-0.041999999999999996
2022-03-17,0.012510923160467412,-0.1274285714285714
2022-04-12,-0.0037051456614500327,0.04300000000000001
2022-05-26,0.019981264739814236,-0.1280769230769231
2022-06-01,-0.00808848140419653,-0.11833333333333333
2022-06-03,-0.016411449584827435,-0.20626666666666665
2022-06-17,0.0021557452473767525,-0.37200000000000005
2022-06-22,-0.001812930375164897,-0.0927333333333333
2022-06-29,-0.0008146635411055299,-0.20757142857142855
2022-07-14,-0.0024284241944276717,0.13520000000000001
2022-07-25,0.0012148318425270184,-0.07953846153846153
2022-07-29,0.014578603998707305,0.26591666666666663
2022-08-19,-0.013437968435750689,0.11576923076923076
2022-08-24,0.003201027450906906,0.06886666666666666
2022-09-01,0.0031376272062893134,-0.10633333333333334
2022-09-16,-0.007628861338631495,0.0679
2022-09-22,-0.008399689280506077,-0.14662499999999998
2022-10-04,0.030986727656394313,0.24007142857142855
2022-10-11,-0.006332973434368843,0.1562857142857143
2022-10-12,-0.0032984011727648613,0.07600000000000001
2022-11-14,-0.008506549736085901,0.07926666666666667
2022-11-30,0.03150054135659449,0.13275
2022-12-08,0.007833958070554798,-0.16320000000000004
2022-12-21,0.014952482750302571,0.10914285714285712
2022-12-28,-0.012427879581901382,-0.11953333333333331
2023-01-13,0.0038794522278203557,0.2664444444444445
2023-01-25,0.00037498880807501736,0.4513999999999999
2023-01-27,0.0022976841408491326,0.11283333333333333
2023-02-27,0.003405986281823464,0.14614285714285713
2023-03-01,-0.003835979734115105,0.03733333333333335
2023-04-19,-0.00016885427350905597,0.01439999999999999
2023-06-12,0.009071854607389119,0.024200000000000034
2023-06-26,-0.004085602350949159,-0.0554
2023-07-31,0.0019042414425507305,0.3444285714285714
2023-08-11,-0.0005831583693829527,0.15369230769230768
2023-08-21,0.0065061029037393305,-0.13986666666666672
2023-09-22,-0.002248603938805171,0.2093333333333333
2023-09-28,0.005797376840737137,0.1686
2023-09-29,-0.0024268732654036756,-0.07266666666666668
2023-10-19,-0.008786296750676232,0.12850000000000003
2023-10-31,0.0062802406544226206,-0.14200000000000002
2023-11-06,0.002300528553331024,0.11555555555555554
2023-12-01,0.005915955918768272,0.24866666666666667
2023-12-26,0.004222531018428217,0.18009090909090908
2023-12-29,-0.002894942226740975,-0.22714285714285717
2024-01-29,0.007919422730006013,0.06135714285714285
2024-02-01,0.013088276533870888,-0.20166666666666666
2024-02-08,0.00044175138367337713,-0.008100000000000007
2024-02-29,0.003595053100508501,-0.07144444444444444
2024-03-14,-0.0019767739933118905,-0.09463636363636364
2024-03-25,-0.002762615615648389,0.028285714285714296
2024-04-04,-0.012206034628188587,-0.1786
2024-04-10,-0.010013128341116128,0.12592307692307694
2024-04-25,-0.003798926165283854,-0.005133333333333325
2024-05-03,0.012395406296745274,-0.34109090909090906
2024-05-14,0.0045880545888332975,0.019500000000000003
2024-05-28,0.0006987635255537739,0.31012500000000004
2024-06-06,-1.871962421226426e-05,0.16761538461538464
2024-06-14,0.0006085438874173179,-0.17741666666666667
2024-06-25,0.0038508534147894784,0.11162499999999999
2024-07-05,0.00576652161029762,-0.14014285714285715
2024-07-09,0.0009724420806064539,-0.05807692307692307
2024-07-11,-0.008622589203233767,0.056461538461538466
2024-07-17,-0.014020996884113212,0.33816666666666667
2024-07-23,-0.0015685785561234391,-0.011928571428571455
2024-07-25,-0.005210431166642432,0.0769090909090909
2024-07-30,-0.005066443897835739,0.17636363636363633
2024-08-14,0.0031548089057616877,0.00733333333333334
2024-09-09,0.011196112002403624,-0.25077777777777777
2024-09-25,-0.002205293656358283,0.041333333333333305
2024-10-01,-0.008958425077819063,0.016999999999999998
2024-10-03,-0.001828251243748407,0.025153846153846134
2024-10-28,0.0030915269947694654,-0.12066666666666669
2024-10-30,-0.003025199875674681,-0.13475
2019-01-02,0.001040376701653874,0.05954545454545454
2019-01-18,0.013309870970298619,0.189
2019-01-23,0.002092298480398321,0.21200000000000002
2019-02-01,0.00048143860523438203,-0.26685714285714285
2019-02-13,0.0032467748879703123,0.40099999999999997
2019-02-15,0.010897197855481575,0.12628571428571428
2019-02-22,0.006200401619625566,-0.09972727272727272
2019-02-27,-0.0004300659785772514,0.107125
2019-03-25,-0.0007515689250103574,0.14935714285714288
2019-03-27,-0.0052288611567361245,0.15220000000000003
2019-04-05,0.0048403554223276374,0.2608
2019-04-22,0.000861816744541837,0.13328571428571429
2019-05-06,-0.004115131103356925,-0.4010000000000001
2019-05-07,-0.01669983188467017,-0.058666666666666666
2019-06-05,0.008662053589038076,-0.17430000000000004
2019-07-03,0.007995196097168207,-0.21933333333333332
2019-07-05,-0.0011378233714888972,-0.09600000000000002
2019-07-15,0.00033226669776742425,-0.032769230769230766
2019-07-26,0.006700408579213693,-0.002999999999999994
2019-08-01,-0.008707555891770193,0.08100000000000002
2019-08-06,0.014022676992522302,0.14150000000000001
2019-08-07,0.0005908890568231903,-0.08162499999999999
2019-08-08,0.01962018015140317,-0.14
2019-08-19,0.012047316075277622,0.0642857142857143
2019-08-20,-0.007661717523274758,-0.015499999999999995
2019-09-03,-0.005847033533155695,-0.296375
2019-09-19,-6.668802761752735e-05,-0.0678
2019-09-30,0.004638092657253199,-0.08062500000000002
2019-10-03,0.008192815130372412,0.11910000000000001
2019-10-10,0.006763542149014447,-0.1461
2019-10-15,0.009900260021634268,0.019454545454545457
2019-12-09,-0.0031439325979510336,0.11380000000000003
2019-12-12,0.00861868241515832,-0.09460000000000002
2019-12-19,0.004098990960586352,-0.04211111111111111
2019-12-26,0.0053229185574337695,0.07723076923076923
2019-12-31,0.0024294488247443066,0.1111428571428572
2020-01-07,-0.002811902719472203,0.26346666666666674
2020-01-16,0.008318451253266579,-0.1696
2020-03-02,0.04330622792305578,-0.15185714285714286
2020-03-13,0.08548606568758166,-0.1210714285714286
2020-03-24,0.09060351533191,-0.1762222222222222
2020-04-07,0.0010197594280074397,-0.19991666666666666
2020-04-22,0.022194256583472786,-0.014384615384615397
2020-05-08,0.016545967114153105,0.012700000000000006
2020-05-21,-0.0069036407483120555,-0.15644444444444444
2020-05-27,0.014878984699275746,0.19428571428571426
2020-05-28,-0.0018446097124068465,0.13784615384615384
2020-06-19,-0.0057149851151197285,0.0072999999999999845
2020-07-21,0.0021274976486965707,0.06799999999999999
2020-08-04,0.0038626796492900396,0.09054545454545457
2020-09-04,-0.008164323678289545,0.457
2020-09-11,0.0005090011303152155,0.2668888888888889
2020-09-24,0.0026654529357471725,-0.009099999999999997
2020-10-07,0.017406751882193375,-0.011461538461538459
2020-10-27,-0.0034476948188703928,0.1487692307692308
2020-11-03,0.017655793954569704,0.1248181818181818
2020-11-16,0.01248263837151627,0.08590909090909092
2020-11-20,-0.006848022233976258,0.0676666666666667
2020-12-18,-0.003992856757802775,-0.03157142857142857
2020-12-22,-0.0016855394151456464,-0.06012500000000001
2020-12-23,0.0008985135073483192,0.11809090909090908
2021-01-14,-0.0035023243977872196,0.07209090909090908
2021-01-15,-0.007292647631069476,0.09607142857142857
2021-02-01,0.016645608002321812,0.051153846153846154
2021-02-03,0.0007861331645678625,-0.02109090909090909
2021-02-16,-0.0008660407186909303,-0.21000000000000002
2021-02-18,-0.004255957202015294,-0.06162499999999999
2021-03-04,-0.012374749057998059,-0.187
2021-03-05,0.018396316496701842,-0.08433333333333333
2021-03-16,-0.0012612160283470184,-0.24490909090909094
2021-03-18,-0.01454967053967001,-0.14358333333333337
2021-03-31,0.004053368223390748,0.08641666666666668
2021-04-01,0.010799065601368283,0.05253846153846152
2021-04-06,-0.0005907720116542552,-0.04883333333333335
2021-04-09,0.007270250847712123,0.09076923076923078
2021-04-16,0.003342716877966342,-0.1807777777777778
2021-04-20,-0.007321579535634327,-0.034428571428571426
2021-04-27,-0.00021565900670044442,-0.126
2021-05-04,-0.0061693852095882585,0.23679999999999998
2021-05-10,-0.009902220822433725,-0.038
2021-05-28,0.001788640124413663,0.00399999999999999
2021-06-15,-0.0018339709638963276,0.027363636363636368
2021-06-17,-0.00033181618445562403,-0.09392307692307693
2021-07-01,0.005536613480831107,0.0012499999999999872
2021-08-04,-0.004918890210631829,-0.015454545454545469
2021-08-13,0.0018198064906843777,0.2866
2021-08-17,-0.006555281889510484,0.06660000000000002
2021-08-20,0.007957078497143694,-0.07033333333333337
2021-08-23,0.008796692208827691,-0.1274
2021-10-01,0.011884153163633934,0.1352857142857143
2021-10-06,0.004155967435580269,0.09324999999999999
2021-10-19,0.007714890973215915,-0.10522222222222222
2021-10-21,0.0026082682853841507,-0.05030769230769232
2021-10-22,-0.0010360385268554095,0.043399999999999994
2021-10-27,-0.004430153019252362,0.02366666666666667
2021-11-05,0.0034697304441105633,0.04085714285714288
2021-11-16,0.003957778356953625,-0.02193333333333333
2021-12-08,0.002647952894522095,-0.055833333333333325
2021-12-13,-0.008858329473214662,0.06489999999999999
2021-12-21,0.01775882251506821,0.23135714285714284
2022-01-06,-0.00093937462428964,-0.2419
2022-01-07,-0.003953441355522173,-0.020333333333333328
2022-01-12,0.0027034903786420424,-0.04045454545454545
2022-02-03,-0.023504878407484334,-0.10185714285714285
2022-02-17,-0.02136135781984991,0.0845714285714286
2022-02-18,-0.006475262480704115,0.0398
2022-02-23,-0.017738774957601507,-0.011750000000000002
2022-03-16,0.022174200195493092,-0.09311111111111112
2022-04-13,0.011453387046502474,0.02800000000000001
2022-04-19,0.01614271237867632,-0.3071666666666667
2022-04-29,-0.03695573843077927,0.028571428571428564
2022-05-18,-0.040311481785385336,-0.25177777777777777
2022-05-27,0.024549006551676338,-0.08566666666666665
2022-06-06,0.003044608458337535,0.035153846153846174
2022-06-08,-0.010872031827323596,0.2065
2022-06-27,-0.0038196512972031517,-0.2756
2022-07-12,-0.008848884627859294,-0.31200000000000006
2022-07-13,-0.005251811354674551,-0.11091666666666668
2022-07-20,0.006373087558894041,-0.13786666666666667
2022-07-22,-0.009277954062125414,-0.0817272727272727
2022-07-26,-0.011830884460520306,0.05166666666666666
2022-07-28,0.012542520645776399,-0.1811111111111111
2022-08-18,0.0029064939938170118,0.14227272727272727
2022-09-20,-0.011478455778024373,-0.2138888888888889
2022-09-21,-0.017443855627087727,0.22212500000000002
2022-09-29,-0.02088882889072793,-0.3444
2022-10-05,-0.0023284183816836023,-0.22833333333333336
2022-11-02,-0.025096182170295824,0.16299999999999998
2022-11-03,-0.010296902344798077,-0.13775
2022-11-21,-0.0036359861051581495,-0.030200000000000005
2022-12-13,0.007569935943446269,-0.0057333333333333455
2022-12-16,-0.01180622705432921,-0.03326666666666667
2022-12-23,0.0057522520840959865,0.1808888888888889
2022-12-30,-0.002634071585526508,-0.391
2023-01-17,-0.0018318674236987343,0.08177777777777778
2023-01-23,0.011998654467104448,-0.06325000000000001
2023-02-08,-0.010934763845558535,-0.1
2023-02-28,-0.00369597648709532,0.2453076923076923
2023-03-03,0.016037903997122745,0.254875
2023-03-06,0.0006927662934974963,-0.02966666666666668
2023-03-10,-0.014429558902300984,-0.07749999999999999
2023-03-27,0.0018697741283211977,-0.066
2023-04-03,0.0038105995239523507,0.03199999999999998
2023-04-17,0.0035882775136443995,-0.23966666666666667
2023-04-20,-0.0054571679208891485,0.19709090909090907
2023-04-26,-0.00423559424272902,0.0706
2023-05-09,-0.0043852190050095614,-0.22371428571428573
2023-05-15,0.003450143121985348,0.37671428571428567
2023-05-23,-0.011222866157782885,-0.012833333333333316
2023-05-31,-0.0055451777501553294,-0.048799999999999996
2023-06-05,-0.0019161605516019244,-0.004875000000000004
2023-06-20,-0.005188126787547095,-0.29291666666666666
2023-06-21,-0.005123631375354182,0.186875
2023-06-23,-0.007560206609996965,-0.38283333333333336
2023-06-30,0.01180082899238888,0.05314285714285714
2023-07-10,0.0025311038433850483,-0.030999999999999996
2023-07-12,0.008045749143719505,-0.15013333333333334
2023-07-14,-0.0006227996381165119,0.17340000000000003
2023-08-17,-0.007619860902933972,-0.437
2023-08-25,0.00704983090027384,0.003153846153846138
2023-08-31,-0.0014635266995055773,0.129
2023-09-08,0.0015061097163427452,0.031599999999999996
2023-09-25,0.00420520492300495,-0.14479999999999998
2023-10-12,-0.006096374463160867,-0.0316
2023-10-17,-4.5878176139313425e-05,0.059545454545454526
2023-11-16,0.00122306718069648,-0.12263636363636361
2023-11-21,-0.0021795035693893635,-0.056111111111111125
2023-12-14,0.0032093435793499603,-0.023999999999999976
2024-01-02,-0.005596384024302077,0.08773333333333334
2024-01-24,0.0010930897282747933,-0.15789999999999998
2024-02-16,-0.004979922921409029,0.051000000000000004
2024-02-26,-0.0036624454782001516,-0.0336
2024-03-05,-0.00999405373066017,0.22785714285714284
2024-03-12,0.010757324263475532,0.18357142857142855
2024-03-18,0.005943157370027269,0.1907
2024-03-19,0.005557307793382796,0.1204
2024-03-20,0.009249103848786609,0.2400714285714285
2024-03-21,0.0033048699697689112,-0.09812499999999999
2024-04-01,-0.0017395998385548665,0.07937499999999999
2024-04-12,-0.013803201482973017,-0.260625
2024-04-24,-0.0004746864622765033,-0.07780000000000001
2024-05-22,-0.00287936994785288,0.07826666666666668
2024-05-31,0.00910831423624638,0.167625
2024-06-07,-0.001215751893595199,-0.04953846153846153
2024-06-10,0.0030898780591300354,0.39645454545454545
2024-06-18,0.0025407517375344367,-0.10257142857142856
2024-06-27,0.001576457865704601,-0.23473333333333332
2024-07-01,0.002057965067198697,-0.2283
2024-07-02,0.006729930995112116,0.1735
2024-07-18,-0.007684918133981269,0.24644444444444444
2024-07-29,0.0005876385568744321,0.159
2024-09-13,0.0052226506606313375,0.03553333333333331
2024-09-26,0.003964516805142623,0.246375
2024-09-27,-0.0014502474973920373,0.31100000000000005
2019-01-04,0.033495583218106056,0.12833333333333333
2019-01-09,0.004673411330033034,-0.1978571428571429
2019-01-15,0.011460758945767646,0.15777777777777774
2019-03-26,0.00745392099071907,-0.10954545454545456
2019-04-02,0.0004900221334913158,-0.20636363636363633
2019-04-08,0.0007621395143715652,0.00600000000000001
2019-04-09,-0.005124456416634065,0.24949999999999997
2019-04-15,-0.0006549896933738076,0.07599999999999997
2019-05-15,0.005857468349405119,0.2457692307692308
2019-05-16,0.009261597469580694,0.06169230769230768
2019-05-30,0.00273130013300002,0.04949999999999998
2019-06-07,0.010007032729751807,-0.245125
2019-06-24,-0.0012246984774333257,-0.42644444444444446
2019-07-01,0.009078553842925722,-0.08685714285714284
2019-07-11,0.0023443391052893735,-0.03499999999999999
2019-07-17,-0.006804958299152922,0.036799999999999986
2019-08-13,0.015551662655459025,0.08241666666666665
2019-08-14,-0.029567332152027302,0.0740769230769231
2019-08-15,0.002641625461623223,-0.0008749999999999938
2019-09-05,0.012855480332239185,-0.339
2019-09-10,-0.0002342728867691914,-0.101
2019-10-01,-0.011894978511524329,-0.020666666666666642
2019-10-14,-0.0011138451059290347,-0.21616666666666665
2019-10-17,0.0029490024528427425,-0.053400000000000024
2019-10-22,-0.0032670636559078547,0.03536363636363635
2019-11-05,-0.001106116872988385,-0.06224999999999999
2019-11-13,0.00032385374510021376,0.028142857142857136
2019-11-14,0.0014555206365902968,-0.16592857142857143
2019-11-25,0.007750218583527237,0.14575000000000002
2019-12-06,0.009134242012871973,-0.1482857142857143
2019-12-10,-0.0011152802860628554,0.17466666666666666
2019-12-20,0.004384223657692195,0.02026666666666665
2020-01-10,-0.0028779865641778706,0.11733333333333333
2020-01-13,0.006877578531246582,0.02866666666666667
2020-01-23,0.0011469457471111398,-0.07712500000000003
2020-02-03,0.007428637481087307,-0.162
2020-02-04,0.015241304432900827,0.3566
2020-02-13,-0.0010667419290492624,-0.02808333333333332
2020-03-03,-0.028632152814534444,0.026000000000000016
2020-03-04,0.04203276109685552,-0.18833333333333335
2020-03-16,-0.10942365767240374,0.0030769230769230774
2020-03-18,-0.05063298288567166,0.14653333333333332
2020-03-23,-0.02556828203366355,-0.053400000000000024
2020-04-02,0.023075365360566206,0.1021111111111111
2020-04-17,0.027015426437603286,-0.03939999999999999
2020-04-24,0.013938817860687996,-0.20226666666666665
2020-05-07,0.012066639661970574,0.01312499999999997
2020-05-14,0.011967783157254809,-0.09987499999999999
2020-05-22,0.001898718731479908,0.15962500000000002
2020-06-16,0.019247693659000187,0.09299999999999999
2020-08-06,0.006684643331309244,-0.03166666666666664
2020-08-10,0.0029887611774019594,0.013923076923076918
2020-08-12,0.013942401035913089,-0.5016
2020-08-17,0.0031765453167032073,0.05207692307692308
2020-08-21,0.0035474711941025296,0.11787500000000004
2020-08-25,0.003498990355157872,0.354
2020-08-31,-0.0036225043194246143,0.276875
2020-09-03,-0.03441445254115677,-0.3882
2020-09-14,0.013171414730245632,0.14066666666666663
2020-09-15,0.0050523578867763,-0.09906666666666665
2020-09-16,-0.003968622031359418,0.164
2020-09-18,-0.01151271397342178,0.1437142857142857
2020-11-09,0.012565532442830337,-0.14887499999999998
2020-11-17,-0.0053786119167136305,0.19966666666666666
2020-11-25,-0.0015416702491168246,-0.0336363636363636
2020-12-01,0.010937473441103534,-0.14255555555555555
2020-12-02,0.0021036917366287415,-0.022399999999999996
2020-12-04,0.008617390452774102,-0.12066666666666664
2020-12-15,0.013519422471830833,0.3535
2020-12-21,-0.003575432351839849,0.1253846153846154
2020-12-30,0.001426835207553627,0.36399999999999993
2021-01-13,0.0026932621716371165,0.12483333333333331
2021-02-05,0.00393602360078003,-0.24479999999999996
2021-02-12,0.004939843549512565,0.12057142857142857
2021-03-29,-0.0005048460047383157,-0.16083333333333336
2021-04-05,0.014353245503667284,-0.023749999999999993
2021-04-14,-0.003415011571188622,0.1372307692307693
2021-04-15,0.010742158813925554,0.33599999999999997
2021-04-19,-0.004913082403646417,-0.03799999999999999
2021-04-21,0.009462022792031776,0.013142857142857154
2021-05-14,0.015355143674192367,0.1321818181818182
2021-05-17,-0.002544392529013398,0.15816666666666665
2021-05-21,-0.0008186570566258921,-0.15583333333333335
2021-06-02,0.001572575119822436,-0.12188888888888888
2021-06-04,0.009145782530649967,-0.21522222222222226
2021-06-18,-0.013490406628609477,-0.11063636363636364
2021-06-21,0.014315895487656653,0.6538333333333334
2021-06-25,0.0035521541767007205,0.07149999999999998
2021-07-14,0.0014923172758864412,-0.14025
2021-07-22,0.0020941549223036553,-0.27714285714285714
2021-07-23,0.010287889107948395,0.026800000000000025
2021-07-27,-0.004557820012259729,-0.17285714285714285
2021-08-02,-0.0020980627591792463,0.149
2021-08-12,0.002996832995227601,-0.2234
2021-08-31,-0.001481589266218748,0.05475
2021-09-02,0.0030768123633296376,-0.016066666666666667
2021-09-08,-0.0012182808696907157,-0.23177777777777775
2021-09-15,0.00835260362779014,-0.0706
2021-09-29,0.0016832320436890112,-0.034428571428571426
2021-11-11,0.0003236246630679437,-0.017874999999999995
2021-11-15,0.00034244330152371035,-0.0831111111111111
2021-11-22,-0.0028152411993851395,0.1545
2021-11-29,0.012266543294865451,-0.1263076923076923
2021-12-01,-0.011107355609833178,-0.027999999999999994
2021-12-06,0.011843301210842372,0.1238
2021-12-17,-0.010642915412801726,0.003400000000000018
2021-12-30,-0.0027645495231360916,-0.13313333333333333
2022-01-03,0.005789787399640604,0.03126666666666665
2022-01-05,-0.019202234918048334,-0.006545454545454541
2022-01-13,-0.013778626308695646,-0.17746153846153845
2022-01-20,-0.011068112204644794,-0.11787500000000001
2022-02-02,0.009714104153433772,-0.3134285714285715
2022-02-07,-0.0032091304363410867,0.02679999999999998
2022-03-18,0.010952793563302957,-0.06683333333333334
2022-03-21,-0.0002925277026620021,-0.006777777777777784
2022-03-30,-0.006174876676162023,-0.35344444444444445
2022-04-14,-0.012451714207569754,-0.005833333333333343
2022-05-03,0.004584080035484261,0.042777777777777755
2022-06-02,0.019043542637423826,0.043
2022-06-10,-0.028995821233934214,-0.20783333333333331
2022-06-13,-0.037968110515507206,-0.08183333333333334
2022-06-14,-0.0030132495070129862,-0.29799999999999993
2022-06-21,0.025173671338658915,-0.0731818181818182
2022-06-23,0.009802453333915544,-0.09728571428571428
2022-06-30,-0.008124062797027546,0.1356666666666667
2022-07-07,0.01497711180992284,-0.2804285714285714
2022-07-21,0.010183030057247393,-0.1497777777777778
2022-08-01,-0.0029610908768222,0.18050000000000005
2022-08-23,-0.00241912160479446,-0.10600000000000002
2022-09-23,-0.016754909735107643,0.20049999999999998
2022-09-28,0.01967619473330765,-0.0035714285714285943
2022-10-03,0.02640151903638622,-0.38733333333333336
2022-10-07,-0.02789367539145853,-0.10166666666666668
2022-10-17,0.025697063398532064,0.10671428571428572
2022-10-20,-0.008385389111204672,-0.25716666666666665
2022-11-01,-0.004375765676657059,0.20283333333333334
2022-11-07,0.009565590338137801,-0.06481818181818183
2022-11-22,0.013456944185332467,0.20518181818181816
2022-11-25,-0.00022370486066964325,-0.016749999999999987
2022-12-05,-0.01798938706108586,-0.10635714285714289
2022-12-22,-0.01426611749764869,0.10016666666666667
2023-01-03,-0.004209852654329397,0.11825
2023-01-12,0.0036407592165821167,0.07325
2023-01-26,0.010990303835809985,0.09133333333333336
2023-01-30,-0.012546652010179642,0.06816666666666667
2023-01-31,0.014703246875160012,-0.12191666666666667
2023-02-07,0.013078503926231277,-0.011230769230769223
2023-02-10,0.002333618491166198,0.13263636363636364
2023-02-14,-0.00046020372564129104,-0.15072727272727274
2023-02-22,-0.001378174884333167,-0.061875
2023-03-15,-0.006254472559574332,0.028750000000000008
2023-03-16,0.01754536609101499,0.059166666666666666
2023-04-11,0.00026852019505898205,0.1396
2023-04-25,-0.015873697592973832,-0.27385714285714285
2023-05-26,0.012950487104343694,0.044500000000000005
2023-06-02,0.014461100577629187,0.24545454545454548
2023-06-13,0.006593087231632455,0.07961538461538463
2023-06-14,0.0011906814015175122,0.004199999999999993
2023-06-27,0.010963227719411101,-0.1498
2023-07-05,-0.0014871952755781766,0.006846153846153882
2023-07-06,-0.007830747744526712,0.12353846153846154
2023-07-24,0.004467388046417648,-0.10490000000000002
2023-07-28,0.009790220568968264,0.019250000000000003
2023-08-07,0.008728420036862486,0.1224
2023-08-16,-0.007338156819407555,0.1888
2023-08-24,-0.013859081667154551,-0.244875
2023-08-28,0.006341396745349009,-0.009461538461538454
2023-08-30,0.0041188099642662495,0.04933333333333332
2023-10-05,-0.00037671347497465106,-0.07137500000000002
2023-10-11,0.00409631565016205,0.09830000000000003
2023-10-16,0.010521453261992232,0.3323333333333334
2023-10-20,-0.012288100938931635,0.15014285714285716
2023-10-24,0.007539241380588955,-0.23646666666666666
2023-10-25,-0.014351986822137655,-0.01985714285714287
2023-10-27,-0.004532753148215306,0.242625
2023-10-30,0.011955819011107604,-0.04542857142857142
2023-11-02,0.01916434155805399,0.09233333333333334
2023-11-24,0.0006152963794524447,0.25866666666666666
2023-11-29,-0.0007033644299641092,0.010933333333333387
2023-12-27,0.0018081245710841792,0.08875
2024-01-03,-0.00816673227204999,-0.0805
2024-01-25,0.005438989417253244,-0.08111111111111112
2024-02-06,0.002903327070771256,0.003533333333333327
2024-02-15,0.006899759739168969,0.1727
2024-02-21,0.0009058456544954537,0.007090909090909097
2024-03-28,-0.00019131105585403513,0.07899999999999999
2024-04-09,0.0011568150428021566,0.04371428571428572
2024-05-07,0.001103502970564529,-0.2049
2024-05-24,0.0066165175008123045,-0.084
2024-06-13,0.0020133864418122936,-0.21150000000000002
2024-06-20,-0.0027164522342697783,-0.06536363636363635
2024-07-12,0.006307578057726076,-0.3458
2024-08-19,0.009561455295305653,0.055600000000000024
2024-08-30,0.009546099955096761,0.027399999999999983
2024-09-06,-0.016830141776643496,-0.16137500000000002
2024-10-02,0.0004220822114022386,-0.1137142857142857
2024-10-31,-0.019602949916602226,-0.15012499999999998
2024-11-05,0.012091877059248907,0.09849999999999999
2024-11-06,0.024865559362072062,-0.09909090909090908
2024-11-12,-0.003106296267636514,0.13176923076923075
2024-11-19,0.0036554787435623157,-0.21430000000000002
2019-01-07,0.007884645494917257,-0.04681818181818182
2019-01-08,0.009395470774061476,0.031000000000000003
2019-01-11,0.00038632571636073074,0.05512500000000001
2019-01-22,-0.013510508169493654,0.1655
2019-01-25,0.008461407912753438,-0.017777777777777767
2019-02-05,0.004191873475710647,-0.16871428571428573
2019-02-06,-0.0013183443186068353,-0.044333333333333315
2019-02-12,0.012859555075247237,-0.33520000000000005
2019-02-14,-0.0022180861747641023,0.352125
2019-02-21,-0.003555860446407196,-0.048399999999999985
2019-02-28,-0.0018625427683505147,0.10499999999999998
2019-03-11,0.014501243395175802,0.17999999999999997
2019-04-04,0.0026535827306722317,-0.21292857142857144
2019-04-17,-0.0024469820554649264,-0.015571428571428583
2019-04-29,0.0015676739770826844,0.18907142857142864
2019-05-09,-0.0030254940488268463,-0.10422222222222223
2019-05-23,-0.01221844391238336,-0.03566666666666666
2019-06-13,0.004126462141567039,-0.2575
2019-06-17,0.0003801024296859998,-0.28642857142857137
2019-06-20,0.009553944285076024,0.0050000000000000044
2019-07-10,0.004777855870909684,-0.04862500000000001
2019-07-25,-0.004777328601562409,-0.010875000000000024
2019-08-12,-0.012173362475834323,-0.5603846153846154
2019-08-16,0.014755046282120734,0.16721428571428573
2019-09-12,0.0034641983341747833,-0.04974999999999999
2019-09-16,-0.0030884602255533454,-0.28983333333333333
2019-09-20,-0.004724811148398774,-0.11171428571428574
2019-09-25,0.0059149442142051815,-0.10033333333333333
2019-10-07,-0.004314777665725915,0.27759999999999996
2019-10-08,-0.015524549568781488,0.15875000000000003
2019-10-28,0.005636834265190211,-0.004230769230769226
2019-11-06,0.00022790220745621685,-0.13777777777777778
2019-12-02,-0.008494622160501487,-0.2132857142857143
2019-12-04,0.006170315630276921,0.16691666666666669
2019-12-27,-0.0002474886380917197,0.06755555555555554
2020-01-06,0.0038149326155934777,0.03449999999999998
2020-01-14,-0.0015247174529169195,-0.3049090909090909
2020-01-17,0.003112172360726624,0.15981818181818183
2020-01-28,0.0104789630905284,0.17722222222222225
2020-02-14,0.0016019201368779237,0.2072
2020-02-20,-0.0041083504563672515,-0.11245454545454546
2020-02-27,-0.04491165443809639,-0.1423636363636364
2020-03-05,-0.03324163785063864,0.09841666666666665
2020-03-06,-0.016531045056703747,0.19014285714285714
2020-04-06,0.06716615632374336,-0.0005714285714285798
2020-04-15,-0.021248210985525966,-0.040999999999999995
2020-04-20,-0.017618063841786373,-0.01825000000000001
2020-04-21,-0.030362890250185664,-0.0028750000000000026
2020-04-28,-0.0045979232180632535,0.02342857142857144
2020-05-04,0.002758264696756643,0.08266666666666665
2020-05-11,0.00020510340620656227,0.24792307692307694
2020-05-12,-0.019931014970155505,0.030153846153846156
2020-05-13,-0.017686226150396372,0.1316
2020-05-20,0.016987777555673943,-0.17691666666666664
2020-06-24,-0.025508615637779637,-0.07814285714285715
2020-07-06,0.015437248173014232,0.02066666666666665
2020-07-15,0.009187285415310645,-0.07600000000000003
2020-07-22,0.005692024158338748,-0.06344444444444444
2020-07-29,0.012298909362852517,-0.037666666666666654
2020-07-31,0.007902017819663962,-0.009499999999999995
2020-08-13,-0.0018078087285575341,0.13
2020-08-20,0.003113519038642156,-0.22571428571428578
2020-09-10,-0.01736371260021879,-0.2034166666666667
2020-09-22,0.010184529330817744,-0.07525000000000001
2020-09-25,0.016166851271282572,-0.03266666666666669
2020-10-01,0.006419931640503769,-0.016
2020-10-02,-0.009494265008612564,-0.04933333333333333
2020-10-06,-0.014216262895266727,0.047750000000000015
2020-10-15,-0.0012357136486237797,-0.025307692307692312
2020-10-16,-0.0006043968362613987,0.11858333333333333
2020-10-28,-0.03417898012901987,-0.131875
2020-11-05,0.01950265523002322,-0.3058888888888889
2020-11-13,0.013844803446608605,-0.10800000000000001
2020-12-16,0.0015694813466433381,0.024999999999999984
2020-12-31,0.0050806555492367315,-0.016000000000000014
2021-01-04,-0.013613928607889859,0.03399999999999999
2021-01-05,0.006887257115957326,0.16436363636363635
2021-01-08,0.0056978222190389475,0.34700000000000003
2021-01-26,-0.0015611584457103122,-0.10509090909090911
2021-02-08,0.0072217317476989335,-0.25880000000000003
2021-02-17,0.0002292443883940022,-0.13566666666666666
2021-02-23,0.0012143835430690527,-0.13657142857142857
2021-02-25,-0.02409573897177203,0.14757142857142855
2021-03-24,-0.005083402518111842,-0.246
2021-06-08,0.00021316559996650914,-0.0175
2021-08-11,0.0024849612259288355,0.16112500000000002
2021-08-26,-0.005903097867562704,-0.1529090909090909
2021-09-01,0.0005312662524587559,0.0035999999999999977
2021-10-12,-0.002461513555701519,-0.03379999999999998
2021-10-13,0.003597569500328967,-0.2838
2021-10-14,0.016820727165157267,-0.11149999999999999
2021-10-25,0.00536281038677448,0.18941666666666665
2021-11-12,0.0075467574397237,0.08140000000000003
2021-11-17,-0.002429139883348457,0.2508
2021-12-10,0.009413584434239402,0.06560000000000002
2021-12-20,-0.010633386582922257,0.14173333333333332
2022-01-04,-0.00033486418271019396,0.09962500000000002
2022-01-11,0.009108365306451314,0.15019999999999994
2022-01-18,-0.017709593401302362,-0.03399999999999999
2022-01-24,0.004246791128941519,-0.19414285714285714
2022-01-25,-0.012208857780899791,-0.5322000000000001
2022-02-08,0.008227809955937011,0.1247142857142857
2022-02-10,-0.017965706128742556,0.04933333333333334
2022-02-14,-0.0032692387745667613,0.12257142857142858
2022-02-15,0.016126728958951935,0.07025000000000002
2022-03-01,-0.015230233410504486,0.3418
2022-03-03,-0.0049783683028752,0.20014285714285715
2022-03-11,-0.012715183222323866,0.046875000000000014
2022-03-15,0.021990473697758712,-0.33849999999999997
2022-05-02,0.00601946009559591,-0.06938461538461539
2022-05-16,-0.0040575522638355704,0.03835714285714287
2022-05-17,0.020570392468933614,0.04742857142857144
2022-05-25,0.008835076136404158,-0.3038888888888889
2022-06-07,0.00959226731351802,-0.177
2022-06-09,-0.02378288374756736,-0.059
2022-08-04,-0.0006757286675518191,0.42211111111111105
2022-08-12,0.016929021377168747,-0.21186666666666668
2022-08-29,-0.006612358294087818,-0.3701818181818183
2022-08-30,-0.010977749098305605,0.28108333333333335
2022-09-08,0.006536133959481058,-0.004166666666666642
2022-09-14,0.0038156483657798006,0.01033333333333332
2022-09-26,-0.009892684137585822,0.09135714285714287
2022-10-27,-0.005340057523422944,0.2945714285714286
2022-11-17,-0.0030600164154031386,-0.056142857142857154
2022-12-09,-0.007470272792357233,0.1638333333333333
2022-12-27,-0.003943514755899132,0.06810000000000001
2023-01-05,-0.011413450604676238,0.12230000000000003
2023-01-19,-0.00727998595717407,0.10833333333333332
2023-02-06,-0.006111283532282118,0.2773333333333333
2023-03-02,0.007777200595899749,-0.08599999999999998
2023-03-09,-0.018449673273976307,-0.08971428571428572
2023-03-13,-0.0014252437272584178,-0.18099999999999997
2023-04-05,-0.002618306633930825,-0.018599999999999995
2023-04-06,0.0039008291060554836,-0.18271428571428575
2023-05-08,0.00026647850904701033,0.067
2023-05-16,-0.006682707853042576,-0.12588888888888888
2023-07-03,0.0011504862687943588,-0.058
2023-07-18,0.0074305644548906665,-0.406875
2023-07-20,-0.0066345036428068485,-0.43450000000000005
2023-07-26,0.0001538276881560958,-0.1006
2023-08-15,-0.01164888435639516,-0.1352
2023-08-22,-0.002708399642941753,-0.0816666666666667
2023-09-06,-0.006722452713730386,-0.061444444444444475
2023-09-11,0.006576623556121102,-0.051
2023-09-15,-0.012048238156539758,-0.13021428571428573
2023-10-02,-0.00039759017438895317,-0.29025000000000006
2023-10-03,-0.013386073387458071,-0.028833333333333332
2023-10-10,0.005204872654753006,-0.022777777777777786
2023-11-10,0.015604869360606694,0.17877777777777776
2023-11-30,0.00393737117257029,0.12622222222222224
2023-12-08,0.004299174502746328,0.17354545454545453
2024-01-05,0.0013696910791787139,-0.04036363636363635
2024-01-11,-0.0004405851551852273,-0.3515555555555555
2024-02-02,0.010527285254381721,0.2537142857142857
2024-02-09,0.005779401037635466,0.1298888888888889
2024-02-13,-0.013773028981571836,0.03716666666666668
2024-02-20,-0.005505337581368006,0.2882142857142857
2024-02-23,0.0006897049585215517,-0.39477777777777784
2024-03-13,-0.0015675008208563767,-0.15871428571428567
2024-03-27,0.008403951408900556,0.1451666666666667
2024-04-29,0.0035414997736911377,-0.22207692307692312
2024-05-15,0.012383067876941265,0.44066666666666676
2024-05-21,0.002452487525574844,0.1202
2024-05-29,-0.007002586001657041,0.31216666666666665
2024-06-05,0.011885055053295563,-0.24233333333333335
2024-07-08,0.0011538869331577924,-0.30249999999999994
2024-07-19,-0.006640456462985936,0.3944
2024-07-26,0.011199832978485506,-0.2162666666666667
2024-08-06,0.009219486146577211,0.3720909090909091
2024-08-08,0.02311749572669281,0.376625
2024-08-29,8.934833541831281e-05,-0.014857142857142855
2024-09-04,-0.002046848542411721,-0.42983333333333335
2024-09-05,-0.0024323281674759056,0.14254545454545456
2024-09-11,0.010258901916406464,-0.10957142857142858
2024-09-16,0.0014769198607516513,0.07399999999999998
2024-09-17,0.0004086779773875128,0.23007142857142865
2024-09-19,0.017064457265068587,0.13484615384615387
2024-09-23,0.0024987011298403775,0.11585714285714284
2024-10-04,0.009087389997930679,-0.15908333333333333
2024-10-22,-0.0005311549136910313,-0.06066666666666664
2024-10-29,0.00161816376595868,0.008200000000000018
2024-11-01,0.00422045580444671,0.05811111111111111
2024-11-08,0.0043317989557381505,0.2705714285714286
2019-01-28,-0.007600267480939819,0.030545454545454574
2019-02-19,0.001730406751099115,0.13945454545454547
2019-03-01,0.006243694827942368,0.08735714285714284
2019-03-12,0.003770976772173171,-0.22793333333333338
2019-03-13,0.006618904959027844,-0.03763636363636364
2019-03-28,0.0037901099390860132,0.17950000000000002
2019-03-29,0.0063053987389202525,-0.18377777777777776
2019-04-03,0.0015731217744672265,-0.1409333333333333
2019-04-24,-0.002219532182239027,0.10857142857142855
2019-04-25,-0.0006161151043643658,-0.5433333333333333
2019-05-01,-0.0075163281878690225,-0.15427272727272728
2019-05-21,0.009015455676975355,-0.01783333333333335
2019-05-22,-0.003071652291688221,0.522
2019-06-03,-0.0025428789599404784,-0.38445454545454544
2019-06-06,0.006502996144820651,0.48581818181818176
2019-06-28,0.00514573625278484,0.09857142857142856
2019-07-02,0.0026043556345693346,-0.10400000000000001
2019-07-09,0.001246718596898913,0.07536363636363638
2019-07-12,0.004477123494913719,0.1441111111111111
2019-07-18,0.0036609329389277437,-0.0771111111111111
2019-08-23,-0.02568751313579694,0.13659999999999997
2019-09-17,0.002531694483030198,0.08236363636363633
2019-09-18,0.0005983233800291442,0.15983333333333336
2019-10-09,0.009496126586031932,0.3
2019-10-16,-0.0016059939243524947,-0.100875
2019-10-23,0.0029097315869140864,0.3136666666666667
2019-11-19,-0.0002882088467175953,-0.5673999999999999
2019-11-26,0.00226581639188625,0.23957142857142857
2019-11-29,-0.0037086893478729243,-0.027866666666666654
2019-12-24,3.14247614715885e-05,0.07499999999999997
2020-01-02,0.009351837762136762,0.17325000000000002
2020-01-15,0.002259893880510367,-0.40120000000000006
2020-01-22,0.00012067184954264969,0.25660000000000005
2020-01-24,-0.008893185578032538,-0.2682857142857143
2020-01-30,0.003245352095236033,-0.005124999999999991
2020-02-11,0.0017329638354546522,-0.1195
2020-03-19,0.0021250380731088086,-0.11674999999999999
2020-05-18,0.03045970391161881,0.30733333333333335
2020-05-29,0.004455575969242765,-0.19400000000000003
2020-06-02,0.008280170136634367,0.0757
2020-06-04,-0.0026268547628053355,-0.05684615384615382
2020-06-08,0.012087657066716561,-0.2976
2020-06-15,0.009335358906190657,0.030500000000000013
2020-06-17,-0.004153867233412193,-0.6198333333333333
2020-06-18,0.00038522718871429444,-0.03777777777777777
2020-06-26,-0.023751356988200512,0.453
2020-06-30,0.012809407944592094,-0.016222222222222225
2020-07-20,0.008081564870624882,0.14166666666666666
2020-08-19,-0.004163675004886624,0.4193333333333334
2020-08-26,0.010025715411339136,0.23174999999999998
2020-09-08,-0.027323045017967583,0.13569230769230767
2020-09-28,0.016609592229710993,-0.12177777777777776
2020-09-29,-0.005446204284575928,0.11120000000000001
2020-10-20,0.004005903618263314,0.08537500000000002
2020-10-26,-0.018479696767906232,-0.042166666666666665
2020-11-06,-0.00022824044654374146,0.09561538461538459
2020-11-11,0.007428531749433004,-0.14158333333333334
2020-11-18,-0.012034676148587739,-0.23249999999999998
2020-12-03,-0.00027229357942270903,0.10709090909090908
2020-12-11,-0.001172722848582896,0.39239999999999997
2020-12-14,-0.004477182446592224,-0.3915555555555555
2020-12-28,0.008590876932499004,0.13337500000000002
2021-01-12,0.0002113163294413829,-0.12845454545454543
2021-01-21,0.0009116779603954595,0.12924999999999998
2021-01-29,-0.020019619969901085,0.22588888888888892
2021-02-09,-0.000665844481867069,-0.033
2021-03-09,0.014277476337062799,-0.3525
2021-04-12,0.00036446155581974283,0.08944444444444445
2021-04-30,-0.006570483146691393,0.125
2021-05-06,0.00798546151333424,0.049142857142857134
2021-05-13,0.012012544836474591,0.18924999999999997
2021-05-19,-0.002621635528303726,0.09242857142857143
2021-05-20,0.010757743161639834,-0.00466666666666669
2021-05-25,-0.002218632497989984,0.096
2021-06-10,0.004648106091135642,-0.238
2021-06-24,0.005915661629488222,-0.21341666666666667
2021-07-13,-0.0034090778589609986,-0.07478571428571433
2021-08-24,0.0015873277908999193,-0.03799999999999999
2021-09-03,-0.00024281179199247012,-0.338125
2021-09-07,-0.0035754464662232383,0.3535714285714286
2021-09-16,-0.0015852029217363539,0.02645454545454545
2021-09-17,-0.0097411141934356,-0.01823076923076923
2021-09-21,-0.0009447439682861133,-0.07892307692307694
2021-09-24,0.001647229384212266,0.10133333333333333
2021-09-27,-0.0028609493395339598,0.004999999999999996
2021-10-29,0.0020292107461186266,0.10769230769230768
2021-11-08,0.0008536336580517186,-0.4645000000000001
2021-12-02,0.015316415823700354,-0.042727272727272725
2021-12-03,-0.008701215204631314,0.11960000000000001
2021-12-14,-0.006880035257395941,-0.051538461538461526
2021-12-22,0.009998912844516273,-0.31279999999999997
2021-12-29,0.001279217823462544,0.07114285714285713
2022-02-28,-0.0025585398818962473,0.12884615384615386
2022-03-10,-0.004515658044268501,0.014999999999999998
2022-03-23,-0.012878423519363962,0.053999999999999986
2022-04-06,-0.009999470314316906,0.13112500000000002
2022-04-11,-0.017092367956318556,-0.07323076923076924
2022-04-28,0.025259507061466305,-0.07133333333333336
2022-05-05,-0.035542756189185974,-0.2008
2022-05-09,-0.03201715847523635,0.195
2022-06-28,-0.02043293110902915,0.13937500000000003
2022-07-18,-0.008256897087042185,0.06200000000000001
2022-08-03,0.015659787208553787,-0.14285714285714282
2022-08-05,-0.0016901941371911247,0.029124999999999998
2022-08-25,0.014117491777705908,0.01789999999999997
2022-08-31,-0.00760882281224394,0.1291111111111111
2022-09-13,-0.04348224351200017,0.06300000000000001
2022-09-27,-0.0025526754998229408,-0.10842857142857142
2022-09-30,-0.015463841621315741,0.16314285714285712
2022-10-13,0.02639096846495136,0.33946666666666664
2022-11-18,0.004540392441352827,-0.01930769230769229
2022-12-02,-0.0011536138423045238,0.07528571428571429
2022-12-06,-0.014414689716036915,0.12561538461538463
2022-12-14,-0.0063935235078277945,-0.04766666666666667
2023-01-11,0.012647891277927816,-0.012500000000000011
2023-02-13,0.011738981962691629,-0.2041
2023-03-22,-0.017046590425005902,0.37499999999999994
2023-03-23,0.00270339322654276,-0.009692307692307668
2023-03-24,0.006562210792935943,0.04533333333333333
2023-03-29,0.01453470437263888,0.022833333333333327
2023-04-28,0.008535072084298307,0.3065714285714286
2023-05-10,0.004672421715507538,0.10926666666666665
2023-05-18,0.00963340260008917,0.2089230769230769
2023-06-08,0.0060486061939608125,0.2647777777777778
2023-06-09,0.0017942884780564133,0.35280000000000006
2023-06-15,0.01239770193654496,-0.08777777777777776
2023-06-16,-0.0034062646343452217,0.20129999999999998
2023-08-08,-0.004348613146786152,0.12526666666666664
2023-08-10,0.0003589575556830001,0.11022222222222222
2023-08-14,0.005520079029275953,-0.0664
2023-08-29,0.014454768225806394,0.16820000000000004
2023-09-18,0.0005864854158884873,0.07133333333333335
2023-09-21,-0.016528368216269733,-0.058416666666666665
2023-09-27,0.0003991574029804929,-0.2292
2023-11-07,0.0028459411513088334,-0.18333333333333335
2023-11-09,-0.0077988275517953485,-0.18639999999999995
2023-11-15,0.0021170620550690082,0.36920000000000003
2023-12-04,-0.005249514039959396,0.0885
2023-12-07,0.007630443155811018,0.20899999999999996
2023-12-15,-0.001646596246256673,0.2142
2024-01-09,-0.0015170787312749144,0.02481818181818181
2024-01-10,0.005655381630024002,0.050124999999999996
2024-01-12,0.0006926532737554644,0.25677777777777777
2024-01-16,-0.0036711639215081934,0.10099999999999999
2024-01-23,0.002916506370929227,-0.25839999999999996
2024-01-30,-0.0007735466836185179,-0.25955555555555554
2024-02-12,-0.0004389568479165693,-0.01716666666666668
2024-02-27,0.00185758059878613,0.13250000000000006
2024-02-28,-0.0013216065229188665,0.03071428571428572
2024-03-04,-0.0010724636447591851,0.010888888888888879
2024-04-15,-0.012528177126771834,0.42450000000000004
2024-04-17,-0.005918252653682463,-0.10200000000000001
2024-05-17,0.0014373722427240086,-0.07755555555555554
2024-05-20,0.0011522160403314363,-0.14125
2024-05-23,-0.007304219473890161,0.08571428571428573
2024-06-17,0.007958715651495574,0.03700000000000001
2024-06-21,-0.001340616333471153,-0.26222222222222225
2024-07-03,0.004462421850336177,0.05522222222222223
2024-07-15,0.0027501526233455016,0.24823076923076925
2024-07-22,0.01030979384701516,-0.2092
2024-08-07,-0.006684070107614217,0.0365
2024-08-15,0.017140183275503464,-0.1512857142857143
2024-08-16,0.00224205851245003,-0.36444444444444446
2024-08-20,-0.0016260980037141695,-0.0482857142857143
2024-08-22,-0.007848464483725207,0.06679999999999998
2024-08-23,0.010625199278886164,0.05439999999999999
2024-09-10,0.0043558474095925495,-0.18919999999999998
2024-10-23,-0.009137373018495454,-0.2757692307692308
2024-11-11,0.0009528015215081569,-0.09820000000000002
2024-11-21,0.00536828621597599,-0.07669999999999999
