,usa_gdp,korea_gdp,sp500_price,sp500_volume,btc_price,btc_volume,eth_price,eth_volume,korea_real_estate
usa_gdp,1.0,0.9769481895707236,0.9003283688150567,0.6237335828808869,0.6339110948413007,0.6573386175682131,0.5417499826239411,0.6203347156303256,0.943317109277914
korea_gdp,0.9769481895707236,1.0,0.8381145276591299,0.6744550746007298,0.5245515785465329,0.5852175343771373,0.42613108336954647,0.5499576741019212,0.9177271778277165
sp500_price,0.9003283688150567,0.8381145276591299,1.0,0.3687137413662977,0.8643992004251952,0.8665048183103882,0.7646674702652828,0.8327842706511632,0.9635421745814658
sp500_volume,0.6237335828808869,0.6744550746007298,0.3687137413662977,1.0,0.11105959634696184,0.14992547943847626,0.08255110859519285,0.1362924490181754,0.5369777342521842
btc_price,0.6339110948413007,0.5245515785465329,0.8643992004251952,0.11105959634696184,1.0,0.8976098959027708,0.9574477062919544,0.9052214372778287,0.7499589649002645
btc_volume,0.6573386175682131,0.5852175343771373,0.8665048183103882,0.14992547943847626,0.8976098959027708,1.0,0.8070932309251053,0.9909282468270706,0.8225225182949027
eth_price,0.5417499826239411,0.42613108336954647,0.7646674702652828,0.08255110859519285,0.9574477062919544,0.8070932309251053,1.0,0.8434048418071425,0.6524712817157102
eth_volume,0.6203347156303256,0.5499576741019212,0.8327842706511632,0.1362924490181754,0.9052214372778287,0.9909282468270706,0.8434048418071425,1.0,0.7869408308800755
korea_real_estate,0.943317109277914,0.9177271778277165,0.9635421745814658,0.5369777342521842,0.7499589649002645,0.8225225182949027,0.6524712817157102,0.7869408308800755,1.0
