word,news_count,news_rank,youtube_count,youtube_rank,reddit_count,reddit_rank,total_count
meta,972,30,1004,4,787,13,2763
concerns,2504,1,0,-1,0,-1,2504
market,2426,2,0,-1,0,-1,2426
investors,2291,3,0,-1,0,-1,2291
markets,2109,4,0,-1,0,-1,2109
fed,2109,5,0,-1,0,-1,2109
earnings,2104,6,0,-1,0,-1,2104
spy,0,-1,1044,1,873,4,1917
johnson,1882,7,0,-1,0,-1,1882
stock,1857,8,0,-1,0,-1,1857
amc,0,-1,1042,2,778,14,1820
signals,1292,16,389,35,0,-1,1681
amid,1495,9,0,-1,0,-1,1495
buying,0,-1,661,9,827,10,1488
guidance,1483,10,0,-1,0,-1,1483
volatility,1477,11,0,-1,0,-1,1477
buy,0,-1,1001,5,461,20,1462
economic,1462,12,0,-1,0,-1,1462
tesla,979,29,478,25,0,-1,1457
nvidia,950,34,501,19,0,-1,1451
google,964,31,472,26,0,-1,1436
microsoft,941,35,493,21,0,-1,1434
amazon,924,39,500,20,0,-1,1424
amzn,0,-1,535,15,887,2,1422
sector,1413,13,0,-1,0,-1,1413
growth,1412,14,0,-1,0,-1,1412
apple,925,38,467,27,0,-1,1392
gme,0,-1,504,18,879,3,1383
analysts,1382,15,0,-1,0,-1,1382
googl,0,-1,527,16,837,6,1364
aapl,0,-1,506,17,840,5,1346
trading,900,43,0,-1,422,49,1322
msft,0,-1,484,24,831,9,1315
nvda,0,-1,492,22,814,11,1306
tsla,0,-1,461,28,835,8,1296
cuts,1290,17,0,-1,0,-1,1290
raises,1280,18,0,-1,0,-1,1280
announces,1273,19,0,-1,0,-1,1273
calls,0,-1,0,-1,1237,1,1237
expectations,1237,20,0,-1,0,-1,1237
unemployment,1220,21,0,-1,0,-1,1220
gdp,1219,22,0,-1,0,-1,1219
rally,1219,23,0,-1,0,-1,1219
wall,1187,24,0,-1,0,-1,1187
street,1187,25,0,-1,0,-1,1187
tech,1176,26,0,-1,0,-1,1176
america,1036,27,0,-1,0,-1,1036
about,0,-1,1018,3,0,-1,1018
walmart,984,28,0,-1,0,-1,984
goldman,956,32,0,-1,0,-1,956
sachs,956,33,0,-1,0,-1,956
cola,931,37,0,-1,0,-1,931
coca,931,36,0,-1,0,-1,931
bank,917,40,0,-1,0,-1,917
exxon,915,41,0,-1,0,-1,915
jpmorgan,908,42,0,-1,0,-1,908
decision,869,46,0,-1,0,-1,869
await,869,45,0,-1,0,-1,869
flat,869,44,0,-1,0,-1,869
uncertainty,847,48,0,-1,0,-1,847
maintains,847,47,0,-1,0,-1,847
pltr,0,-1,0,-1,835,7,835
waiting,0,-1,377,39,457,22,834
continue,829,50,0,-1,0,-1,829
expected,829,49,0,-1,0,-1,829
printing,0,-1,0,-1,813,12,813
anyone,0,-1,387,36,424,47,811
forever,0,-1,381,38,425,46,806
holding,0,-1,768,6,0,-1,768
dip,0,-1,727,7,0,-1,727
sold,0,-1,0,-1,723,15,723
hands,0,-1,675,8,0,-1,675
gonna,0,-1,647,10,0,-1,647
yall,0,-1,642,11,0,-1,642
else,0,-1,637,12,0,-1,637
ever,0,-1,629,13,0,-1,629
bought,0,-1,622,14,0,-1,622
gamestop,0,-1,490,23,0,-1,490
money,0,-1,0,-1,472,17,472
hate,0,-1,0,-1,472,16,472
financial,0,-1,0,-1,461,18,461
advice,0,-1,0,-1,461,19,461
consolidating,0,-1,0,-1,457,21,457
breakout,0,-1,0,-1,457,23,457
shorts,0,-1,0,-1,456,26,456
fukd,0,-1,0,-1,456,27,456
incoming,0,-1,0,-1,456,25,456
squeeze,0,-1,0,-1,456,24,456
positions,0,-1,0,-1,455,28,455
wish,0,-1,0,-1,455,29,455
luck,0,-1,0,-1,455,30,455
retards,0,-1,0,-1,455,31,455
tendies,0,-1,0,-1,448,32,448
purchase,0,-1,0,-1,432,36,432
approved,0,-1,0,-1,432,35,432
wife,0,-1,0,-1,432,33,432
boyfriend,0,-1,0,-1,432,34,432
thesis,0,-1,0,-1,426,38,426
bull,0,-1,0,-1,426,37,426
trust,0,-1,0,-1,426,39,426
bro,0,-1,0,-1,426,40,426
dont,0,-1,0,-1,425,44,425
options,0,-1,0,-1,425,42,425
high,0,-1,0,-1,425,41,425
sell,0,-1,0,-1,425,45,425
apes,0,-1,0,-1,425,43,425
paper,0,-1,0,-1,422,48,422
wait,0,-1,420,29,0,-1,420
theta,0,-1,0,-1,416,50,416
good,0,-1,395,31,0,-1,395
investing,0,-1,395,30,0,-1,395
tbh,0,-1,389,33,0,-1,389
mixed,0,-1,389,34,0,-1,389
idk,0,-1,389,32,0,-1,389
diamond,0,-1,381,37,0,-1,381
ngl,0,-1,370,42,0,-1,370
looking,0,-1,370,40,0,-1,370
interesting,0,-1,370,41,0,-1,370
whats,0,-1,368,43,0,-1,368
gang,0,-1,350,44,0,-1,350
out,0,-1,347,46,0,-1,347
zero,0,-1,347,45,0,-1,347
generational,0,-1,341,50,0,-1,341
selling,0,-1,341,48,0,-1,341
shares,0,-1,341,49,0,-1,341
never,0,-1,341,47,0,-1,341
